-- phpMyAdmin SQL Dump
-- version 5.2.1
-- https://www.phpmyadmin.net/
--
-- Hôte : 127.0.0.1
-- Généré le : mer. 08 nov. 2023 à 14:42
-- Version du serveur : 10.4.28-MariaDB
-- Version de PHP : 8.2.4

SET SQL_MODE = "NO_AUTO_VALUE_ON_ZERO";
START TRANSACTION;
SET time_zone = "+00:00";


/*!40101 SET @OLD_CHARACTER_SET_CLIENT=@@CHARACTER_SET_CLIENT */;
/*!40101 SET @OLD_CHARACTER_SET_RESULTS=@@CHARACTER_SET_RESULTS */;
/*!40101 SET @OLD_COLLATION_CONNECTION=@@COLLATION_CONNECTION */;
/*!40101 SET NAMES utf8mb4 */;

--
-- Base de données : `the_spoon`
--

-- --------------------------------------------------------

--
-- Structure de la table `avis`
--

CREATE TABLE `avis` (
  `id_avis` int(11) NOT NULL,
  `date_heure_avis` date NOT NULL,
  `avis` text NOT NULL,
  `id_individu` int(11) NOT NULL,
  `id_restaurant` int(11) NOT NULL
) ENGINE=InnoDB DEFAULT CHARSET=utf8mb4 COLLATE=utf8mb4_general_ci;

--
-- Déchargement des données de la table `avis`
--

INSERT INTO `avis` (`id_avis`, `date_heure_avis`, `avis`, `id_individu`, `id_restaurant`) VALUES
(1, '2023-11-29', 'J\'ai recemment d?ne dans ce restaurant et l\'experience a ete exceptionnelle. La nourriture etait delicieuse, le service impeccable et l\'ambiance chaleureuse. Je le recommande vivement !', 75, 64),
(2, '2021-09-23', 'C\'etait notre premiere visite dans ce restaurant et nous avons ete agreablement surpris. Les plats etaient savoureux et presentes de maniere elegante. Le personnel etait sympathique et attentionne. Nous y retournerons certainement.', 100, 7),
(3, '2022-04-01', 'Ce restaurant est un veritable bijou cache. La cuisine est divine, et l\'attention portee aux details est impressionnante. J\'ai adore chaque bouchee de mon repas. Une experience gastronomique inoubliable.', 18, 94),
(4, '2021-09-11', 'Un endroit ideal pour un repas en famille. Les enfants ont adore le menu pour enfants, et les adultes ont ete ravis par la variete des plats proposes. Une ambiance conviviale et une excellente qualite.', 79, 4),
(5, '2023-09-07', 'J\'ai choisi ce restaurant pour un d?ner romantique, et il a depasse toutes mes attentes. Les plats etaient delicieux, le cadre etait intime, et le personnel a contribue a creer une soiree parfaite.', 156, 62),
(6, '2021-10-21', 'Ce restaurant merite amplement ses eloges. Les saveurs des plats etaient extraordinaires, et le service etait impeccable. C\'est devenu l\'un de mes endroits preferes pour manger.', 28, 52),
(7, '2021-03-14', 'J\'ai eu l\'occasion de deguster un repas vegetarien dans ce restaurant, et j\'ai ete impressionne par la creativite des plats et la fra?cheur des ingredients. Une option fantastique pour les amateurs de cuisine vegetalienne.', 20, 8),
(8, '2022-11-19', 'Le brunch du dimanche dans ce restaurant est un incontournable. Le choix de plats sucres et sales est incroyable, et le personnel est toujours souriant. Une excellente fa?on de commencer la journee.', 186, 35),
(9, '2023-12-28', 'J\'ai celebre un anniversaire dans ce restaurant, et tout etait parfait, de l\'aperitif au dessert. Le g?teau d\'anniversaire personnalise etait une delicate attention. Merci pour cette soiree memorable !', 49, 63),
(10, '2023-04-24', 'Ce restaurant propose une fusion de saveurs surprenante et unique. Chaque plat est une aventure culinaire, et le chef sait comment surprendre les papilles. Une experience gustative exceptionnelle.', 186, 22),
(11, '2021-10-25', 'J\'ai eu le plaisir de d?ner dans ce restaurant hier soir, et je suis encore emerveille par la qualite de la nourriture. Chaque plat etait une explosion de saveurs. Un vrai regal pour les papilles !', 64, 92),
(12, '2022-09-01', 'Ce restaurant offre un excellent rapport qualite-prix. Les portions sont genereuses, et la qualite de la cuisine est indeniable. C\'est devenu notre endroit de predilection pour des repas delicieux a un prix abordable.', 179, 11),
(13, '2022-08-06', 'Le service dans ce restaurant est incomparable. Le personnel est attentionne et competent, ce qui ajoute a l\'experience globale. Nous nous sommes sentis choyes du debut a la fin de notre repas.', 17, 58),
(14, '2022-09-21', 'Ce restaurant propose une selection de vins impressionnante, parfaite pour accompagner les plats delicieux. Les amateurs de vin seront ravis de decouvrir une carte des vins aussi bien elaboree.', 109, 85),
(15, '2023-08-06', 'Je suis un amateur de fruits de mer, et ce restaurant a su combler toutes mes attentes. Les fruits de mer etaient frais et prepares avec soin. Une experience maritime exceptionnelle !', 191, 9),
(16, '2023-07-18', 'J\'ai commande un plat a emporter de ce restaurant, et je n\'aurais pas pu ?tre plus satisfait. La presentation etait parfaite, et la nourriture etait toujours aussi delicieuse, m?me a la maison.', 38, 43),
(17, '2023-01-10', 'Le decor de ce restaurant est a couper le souffle. L\'atmosphere est elegante et apaisante, ce qui en fait l\'endroit ideal pour des repas speciaux et des celebrations.', 169, 8),
(18, '2022-01-12', 'Ce restaurant a une passion evidente pour les produits locaux et de saison. Chaque bouchee etait une ode a la gastronomie locale. Une experience qui met en avant la cuisine regionale.', 5, 33),
(19, '2021-12-04', 'J\'ai ete impressionne par l\'engagement ecologique de ce restaurant. Les efforts en faveur de la durabilite se ressentent dans chaque aspect de l\'experience culinaire. Bravo pour cette approche responsable !', 199, 65),
(20, '2021-12-27', 'Je suis un habitue de ce restaurant, et il ne cesse de me surprendre. Le menu change regulierement, offrant une variete de plats delicieux a chaque visite. Une valeur s?re pour les amateurs de cuisine raffinee.', 154, 48),
(21, '2023-02-15', 'Ce restaurant est une perle rare. La presentation artistique des plats en fait une experience visuelle tout autant que gustative. Un regal pour tous les sens !', 171, 76),
(22, '2022-10-22', 'J\'ai ete agreablement surpris par la diversite du menu. Il y en a pour tous les go?ts, des plats vegetariens aux options pour les amateurs de viande. Un choix incroyable !', 147, 99),
(23, '2022-08-14', 'Le restaurant offre une vue panoramique epoustouflante. C\'est le lieu ideal pour un d?ner romantique avec une vue imprenable sur la ville.', 94, 42),
(24, '2023-07-02', 'Le brunch du dimanche est un incontournable. Les options de petit-dejeuner et de dejeuner sont delicieuses, et les mimosas a volonte ajoutent une touche de luxe.', 91, 34),
(25, '2021-07-10', 'Le personnel du restaurant est exceptionnel. Ils sont attentifs, chaleureux et connaissent parfaitement la carte des vins. Un service de premiere classe.', 85, 93),
(26, '2022-02-18', 'La carte des cocktails est creative et delicieuse. J\'ai go?te des combinaisons de saveurs uniques que je n\'aurais jamais imaginees. Une veritable experience de mixologie.', 148, 48),
(27, '2023-01-15', 'Ce restaurant respecte des normes d\'hygiene strictes, ce qui m\'a mis a l\'aise en ces temps particuliers. La securite des clients est leur priorite.', 117, 21),
(28, '2023-10-20', 'J\'ai celebre un anniversaire ici, et l\'equipe du restaurant a cree une ambiance festive. Les bougies, la musique et le g?teau sur mesure ont rendu la soiree inoubliable.', 188, 48),
(29, '2021-03-22', 'La decoration interieure est a la fois elegante et confortable. C\'est l\'endroit ideal pour se detendre et savourer de delicieux plats.', 55, 17),
(30, '2021-08-09', 'Le restaurant propose une degustation de vins exceptionnelle. Chaque verre est accompagne d\'une explication detaillee, ce qui enrichit l\'experience.', 110, 21),
(31, '2022-01-09', 'Les desserts sont une veritable explosion de douceurs. J\'ai rarement go?te des creations aussi delicieuses. Une fin parfaite pour un repas parfait.', 4, 65),
(32, '2023-01-23', 'J\'ai ete impressionne par la variete des plats vegetariens. Ce restaurant propose une gamme incroyable de plats sans viande, parfaite pour les vegetariens et les flexitariens.', 112, 12),
(33, '2022-05-09', 'Le menu pour enfants est genial. Mon enfant est un mangeur difficile, mais il a adore chaque plat. C\'est agreable de pouvoir sortir en famille sans soucis.', 3, 86),
(34, '2023-01-22', 'J\'ai eu l\'occasion de go?ter un plat de fruits de mer a ce restaurant, et je me suis presque senti transporte au bord de la mer. Les saveurs etaient authentiques et delicieuses.', 80, 40),
(35, '2022-04-06', 'Le restaurant propose une soiree a theme hebdomadaire qui ajoute une touche d\'originalite a l\'experience culinaire. Une excellente fa?on de decouvrir de nouvelles saveurs.', 72, 66),
(36, '2023-12-05', 'J\'ai ete epate par la rapidite du service, m?me lorsqu\'il etait bonde. Le personnel est incroyablement efficace, ce qui rend le repas encore plus agreable.', 118, 24),
(37, '2022-06-20', 'Le chef du restaurant est un veritable artiste culinaire. Chaque plat est une ?uvre d\'art, tant visuellement que gustativement.', 83, 73),
(38, '2021-01-04', 'L\'atmosphere du restaurant est parfaite pour les soirees entre amis. Les cocktails, la musique et l\'energie du lieu en font un endroit ideal pour se divertir.', 15, 79),
(39, '2023-04-25', 'Le restaurant propose des options sans gluten, ce qui a rendu le repas tres accessible pour mon ami qui a des allergies. C\'etait un soulagement de trouver un endroit si accommodant.', 165, 48),
(40, '2021-04-14', 'Le menu du restaurant est saisonnier, ce qui garantit la fra?cheur des ingredients. J\'adore la philosophie de mise en avant des produits locaux.', 80, 29),
(41, '2023-08-07', 'Ce restaurant est l\'endroit parfait pour les amateurs de viande. Les steaks sont tendres et juteux, et les accompagnements sont delicieux.', 140, 23),
(42, '2021-04-23', 'J\'ai commande une degustation de vins et de fromages, et c\'etait une experience exquise. Les accords etaient parfaits, et chaque bouchee etait un delice.', 63, 71),
(43, '2022-12-08', 'Le restaurant propose une experience immersive avec une cuisine ouverte. C\'est fascinant de voir les chefs a l\'?uvre, et cela ajoute une dimension unique a la soiree.', 161, 84),
(44, '2022-05-24', 'La terrasse du restaurant est magnifique. D?ner en plein air avec une vue sur le coucher de soleil etait une experience inoubliable.', 26, 95),
(45, '2022-05-26', 'Les plats sont prepares avec une attention meticuleuse aux details. Chaque ingredient est soigneusement selectionne, ce qui se ressent dans la qualite de la cuisine.', 10, 3),
(46, '2021-08-08', 'Le restaurant offre des options vegetaliennes variees et delicieuses. M?me les non-vegetaliens trouveront ces plats irresistibles.', 118, 59),
(47, '2021-04-26', 'La carte des vins est tres diversifiee, offrant des options pour tous les budgets. Les recommandations du sommelier etaient excellentes.', 55, 70),
(48, '2022-04-25', 'Le restaurant organise des soirees a theme regulieres, ce qui ajoute une touche de variete a l\'experience. C\'est une excellente fa?on de decouvrir de nouvelles saveurs.', 79, 51),
(49, '2021-05-10', 'J\'ai celebre mon mariage dans ce restaurant, et tout etait parfait. La coordination, la decoration et la nourriture etaient impeccables. Une journee memorable.', 158, 45),
(50, '2022-10-03', 'Le restaurant propose un menu degustation qui permet de decouvrir un large eventail de saveurs. C\'est la meilleure fa?on d\'explorer la cuisine du chef.', 83, 40),
(51, '2023-01-06', 'J\'ai recemment d?ne dans ce restaurant et l\'experience a ete exceptionnelle. La nourriture etait delicieuse, le service impeccable et l\'ambiance chaleureuse. Je le recommande vivement !', 1, 46),
(52, '2023-05-03', 'C\'etait notre premiere visite dans ce restaurant et nous avons ete agreablement surpris. Les plats etaient savoureux et presentes de maniere elegante. Le personnel etait sympathique et attentionne. Nous y retournerons certainement.', 145, 73),
(53, '2022-02-12', 'Ce restaurant est un veritable bijou cache. La cuisine est divine, et l\'attention portee aux details est impressionnante. J\'ai adore chaque bouchee de mon repas. Une experience gastronomique inoubliable.', 144, 92),
(54, '2023-09-20', 'Un endroit ideal pour un repas en famille. Les enfants ont adore le menu pour enfants, et les adultes ont ete ravis par la variete des plats proposes. Une ambiance conviviale et une excellente qualite.', 115, 52),
(55, '2023-11-12', 'J\'ai choisi ce restaurant pour un d?ner romantique, et il a depasse toutes mes attentes. Les plats etaient delicieux, le cadre etait intime, et le personnel a contribue a creer une soiree parfaite.', 15, 88),
(56, '2023-01-29', 'Ce restaurant merite amplement ses eloges. Les saveurs des plats etaient extraordinaires, et le service etait impeccable. C\'est devenu l\'un de mes endroits preferes pour manger.', 183, 8),
(57, '2022-07-15', 'J\'ai eu l\'occasion de deguster un repas vegetarien dans ce restaurant, et j\'ai ete impressionne par la creativite des plats et la fra?cheur des ingredients. Une option fantastique pour les amateurs de cuisine vegetalienne.', 83, 10),
(58, '2021-03-16', 'Le brunch du dimanche dans ce restaurant est un incontournable. Le choix de plats sucres et sales est incroyable, et le personnel est toujours souriant. Une excellente fa?on de commencer la journee.', 143, 65),
(59, '2023-07-30', 'J\'ai celebre un anniversaire dans ce restaurant, et tout etait parfait, de l\'aperitif au dessert. Le g?teau d\'anniversaire personnalise etait une delicate attention. Merci pour cette soiree memorable !', 87, 21),
(60, '2022-12-20', 'Ce restaurant propose une fusion de saveurs surprenante et unique. Chaque plat est une aventure culinaire, et le chef sait comment surprendre les papilles. Une experience gustative exceptionnelle.', 91, 61),
(61, '2023-08-18', 'J\'ai eu le plaisir de d?ner dans ce restaurant hier soir, et je suis encore emerveille par la qualite de la nourriture. Chaque plat etait une explosion de saveurs. Un vrai regal pour les papilles !', 30, 85),
(62, '2022-07-03', 'Ce restaurant offre un excellent rapport qualite-prix. Les portions sont genereuses, et la qualite de la cuisine est indeniable. C\'est devenu notre endroit de predilection pour des repas delicieux a un prix abordable.', 13, 21),
(63, '2022-11-05', 'Le service dans ce restaurant est incomparable. Le personnel est attentionne et competent, ce qui ajoute a l\'experience globale. Nous nous sommes sentis choyes du debut a la fin de notre repas.', 100, 49),
(64, '2021-05-25', 'Ce restaurant propose une selection de vins impressionnante, parfaite pour accompagner les plats delicieux. Les amateurs de vin seront ravis de decouvrir une carte des vins aussi bien elaboree.', 62, 64),
(65, '2022-07-31', 'Je suis un amateur de fruits de mer, et ce restaurant a su combler toutes mes attentes. Les fruits de mer etaient frais et prepares avec soin. Une experience maritime exceptionnelle !', 51, 67),
(66, '2022-10-04', 'J\'ai commande un plat a emporter de ce restaurant, et je n\'aurais pas pu ?tre plus satisfait. La presentation etait parfaite, et la nourriture etait toujours aussi delicieuse, m?me a la maison.', 110, 87),
(67, '2021-05-24', 'Le decor de ce restaurant est a couper le souffle. L\'atmosphere est elegante et apaisante, ce qui en fait l\'endroit ideal pour des repas speciaux et des celebrations.', 43, 58),
(68, '2021-11-09', 'Ce restaurant a une passion evidente pour les produits locaux et de saison. Chaque bouchee etait une ode a la gastronomie locale. Une experience qui met en avant la cuisine regionale.', 193, 81),
(69, '2021-10-29', 'J\'ai ete impressionne par l\'engagement ecologique de ce restaurant. Les efforts en faveur de la durabilite se ressentent dans chaque aspect de l\'experience culinaire. Bravo pour cette approche responsable !', 166, 52),
(70, '2023-09-21', 'Je suis un habitue de ce restaurant, et il ne cesse de me surprendre. Le menu change regulierement, offrant une variete de plats delicieux a chaque visite. Une valeur s?re pour les amateurs de cuisine raffinee.', 139, 25),
(71, '2021-09-19', 'Ce restaurant est une perle rare. La presentation artistique des plats en fait une experience visuelle tout autant que gustative. Un regal pour tous les sens !', 67, 55),
(72, '2021-07-26', 'J\'ai ete agreablement surpris par la diversite du menu. Il y en a pour tous les go?ts, des plats vegetariens aux options pour les amateurs de viande. Un choix incroyable !', 77, 13),
(73, '2022-04-12', 'Le restaurant offre une vue panoramique epoustouflante. C\'est le lieu ideal pour un d?ner romantique avec une vue imprenable sur la ville.', 149, 13),
(74, '2023-10-20', 'Le brunch du dimanche est un incontournable. Les options de petit-dejeuner et de dejeuner sont delicieuses, et les mimosas a volonte ajoutent une touche de luxe.', 157, 51),
(75, '2021-09-16', 'Le personnel du restaurant est exceptionnel. Ils sont attentifs, chaleureux et connaissent parfaitement la carte des vins. Un service de premiere classe.', 78, 40),
(76, '2021-12-27', 'La carte des cocktails est creative et delicieuse. J\'ai go?te des combinaisons de saveurs uniques que je n\'aurais jamais imaginees. Une veritable experience de mixologie.', 180, 15),
(77, '2021-11-18', 'Ce restaurant respecte des normes d\'hygiene strictes, ce qui m\'a mis a l\'aise en ces temps particuliers. La securite des clients est leur priorite.', 33, 75),
(78, '2022-11-27', 'J\'ai celebre un anniversaire ici, et l\'equipe du restaurant a cree une ambiance festive. Les bougies, la musique et le g?teau sur mesure ont rendu la soiree inoubliable.', 97, 10),
(79, '2022-05-12', 'La decoration interieure est a la fois elegante et confortable. C\'est l\'endroit ideal pour se detendre et savourer de delicieux plats.', 97, 98),
(80, '2022-08-30', 'Le restaurant propose une degustation de vins exceptionnelle. Chaque verre est accompagne d\'une explication detaillee, ce qui enrichit l\'experience.', 178, 65),
(81, '2023-08-03', 'Les desserts sont une veritable explosion de douceurs. J\'ai rarement go?te des creations aussi delicieuses. Une fin parfaite pour un repas parfait.', 8, 4),
(82, '2021-06-05', 'J\'ai ete impressionne par la variete des plats vegetariens. Ce restaurant propose une gamme incroyable de plats sans viande, parfaite pour les vegetariens et les flexitariens.', 42, 7),
(83, '2023-06-22', 'Le menu pour enfants est genial. Mon enfant est un mangeur difficile, mais il a adore chaque plat. C\'est agreable de pouvoir sortir en famille sans soucis.', 29, 6),
(84, '2020-12-01', 'J\'ai eu l\'occasion de go?ter un plat de fruits de mer a ce restaurant, et je me suis presque senti transporte au bord de la mer. Les saveurs etaient authentiques et delicieuses.', 154, 28),
(85, '2021-05-23', 'Le restaurant propose une soiree a theme hebdomadaire qui ajoute une touche d\'originalite a l\'experience culinaire. Une excellente fa?on de decouvrir de nouvelles saveurs.', 157, 80),
(86, '2023-11-02', 'J\'ai ete epate par la rapidite du service, m?me lorsqu\'il etait bonde. Le personnel est incroyablement efficace, ce qui rend le repas encore plus agreable.', 71, 79),
(87, '2023-09-30', 'Le chef du restaurant est un veritable artiste culinaire. Chaque plat est une ?uvre d\'art, tant visuellement que gustativement.', 33, 5),
(88, '2022-05-29', 'L\'atmosphere du restaurant est parfaite pour les soirees entre amis. Les cocktails, la musique et l\'energie du lieu en font un endroit ideal pour se divertir.', 67, 7),
(89, '2022-07-13', 'Le restaurant propose des options sans gluten, ce qui a rendu le repas tres accessible pour mon ami qui a des allergies. C\'etait un soulagement de trouver un endroit si accommodant.', 159, 80),
(90, '2023-01-05', 'Le menu du restaurant est saisonnier, ce qui garantit la fra?cheur des ingredients. J\'adore la philosophie de mise en avant des produits locaux.', 9, 64),
(91, '2023-08-04', 'Ce restaurant est l\'endroit parfait pour les amateurs de viande. Les steaks sont tendres et juteux, et les accompagnements sont delicieux.', 91, 43),
(92, '2022-10-12', 'J\'ai commande une degustation de vins et de fromages, et c\'etait une experience exquise. Les accords etaient parfaits, et chaque bouchee etait un delice.', 183, 48),
(93, '2023-08-31', 'Le restaurant propose une experience immersive avec une cuisine ouverte. C\'est fascinant de voir les chefs a l\'?uvre, et cela ajoute une dimension unique a la soiree.', 16, 40),
(94, '2021-02-27', 'La terrasse du restaurant est magnifique. D?ner en plein air avec une vue sur le coucher de soleil etait une experience inoubliable.', 37, 89),
(95, '2021-03-28', 'Les plats sont prepares avec une attention meticuleuse aux details. Chaque ingredient est soigneusement selectionne, ce qui se ressent dans la qualite de la cuisine.', 116, 50),
(96, '2023-02-19', 'Le restaurant offre des options vegetaliennes variees et delicieuses. M?me les non-vegetaliens trouveront ces plats irresistibles.', 38, 45),
(97, '2023-11-23', 'La carte des vins est tres diversifiee, offrant des options pour tous les budgets. Les recommandations du sommelier etaient excellentes.', 154, 50),
(98, '2022-05-07', 'Le restaurant organise des soirees a theme regulieres, ce qui ajoute une touche de variete a l\'experience. C\'est une excellente fa?on de decouvrir de nouvelles saveurs.', 42, 40),
(99, '2022-10-31', 'J\'ai celebre mon mariage dans ce restaurant, et tout etait parfait. La coordination, la decoration et la nourriture etaient impeccables. Une journee memorable.', 178, 22),
(100, '2021-07-07', 'Le restaurant propose un menu degustation qui permet de decouvrir un large eventail de saveurs. C\'est la meilleure fa?on d\'explorer la cuisine du chef.', 136, 87),
(101, '2023-03-16', 'J\'ai recemment d?ne dans ce restaurant et l\'experience a ete exceptionnelle. La nourriture etait delicieuse, le service impeccable et l\'ambiance chaleureuse. Je le recommande vivement !', 197, 43),
(102, '2022-08-16', 'C\'etait notre premiere visite dans ce restaurant et nous avons ete agreablement surpris. Les plats etaient savoureux et presentes de maniere elegante. Le personnel etait sympathique et attentionne. Nous y retournerons certainement.', 44, 17),
(103, '2022-09-25', 'Ce restaurant est un veritable bijou cache. La cuisine est divine, et l\'attention portee aux details est impressionnante. J\'ai adore chaque bouchee de mon repas. Une experience gastronomique inoubliable.', 80, 82),
(104, '2022-11-01', 'Un endroit ideal pour un repas en famille. Les enfants ont adore le menu pour enfants, et les adultes ont ete ravis par la variete des plats proposes. Une ambiance conviviale et une excellente qualite.', 49, 23),
(105, '2023-06-02', 'J\'ai choisi ce restaurant pour un d?ner romantique, et il a depasse toutes mes attentes. Les plats etaient delicieux, le cadre etait intime, et le personnel a contribue a creer une soiree parfaite.', 85, 6),
(106, '2023-06-20', 'Ce restaurant merite amplement ses eloges. Les saveurs des plats etaient extraordinaires, et le service etait impeccable. C\'est devenu l\'un de mes endroits preferes pour manger.', 133, 77),
(107, '2023-02-18', 'J\'ai eu l\'occasion de deguster un repas vegetarien dans ce restaurant, et j\'ai ete impressionne par la creativite des plats et la fra?cheur des ingredients. Une option fantastique pour les amateurs de cuisine vegetalienne.', 123, 17),
(108, '2021-07-31', 'Le brunch du dimanche dans ce restaurant est un incontournable. Le choix de plats sucres et sales est incroyable, et le personnel est toujours souriant. Une excellente fa?on de commencer la journee.', 180, 23),
(109, '2022-01-07', 'J\'ai celebre un anniversaire dans ce restaurant, et tout etait parfait, de l\'aperitif au dessert. Le g?teau d\'anniversaire personnalise etait une delicate attention. Merci pour cette soiree memorable !', 28, 2),
(110, '2023-07-26', 'Ce restaurant propose une fusion de saveurs surprenante et unique. Chaque plat est une aventure culinaire, et le chef sait comment surprendre les papilles. Une experience gustative exceptionnelle.', 25, 41),
(111, '2022-01-24', 'J\'ai eu le plaisir de d?ner dans ce restaurant hier soir, et je suis encore emerveille par la qualite de la nourriture. Chaque plat etait une explosion de saveurs. Un vrai regal pour les papilles !', 97, 40),
(112, '2022-10-18', 'Ce restaurant offre un excellent rapport qualite-prix. Les portions sont genereuses, et la qualite de la cuisine est indeniable. C\'est devenu notre endroit de predilection pour des repas delicieux a un prix abordable.', 181, 69),
(113, '2023-09-02', 'Le service dans ce restaurant est incomparable. Le personnel est attentionne et competent, ce qui ajoute a l\'experience globale. Nous nous sommes sentis choyes du debut a la fin de notre repas.', 117, 43),
(114, '2022-03-18', 'Ce restaurant propose une selection de vins impressionnante, parfaite pour accompagner les plats delicieux. Les amateurs de vin seront ravis de decouvrir une carte des vins aussi bien elaboree.', 113, 34),
(115, '2021-12-28', 'Je suis un amateur de fruits de mer, et ce restaurant a su combler toutes mes attentes. Les fruits de mer etaient frais et prepares avec soin. Une experience maritime exceptionnelle !', 89, 86),
(116, '2021-05-11', 'J\'ai commande un plat a emporter de ce restaurant, et je n\'aurais pas pu ?tre plus satisfait. La presentation etait parfaite, et la nourriture etait toujours aussi delicieuse, m?me a la maison.', 71, 79),
(117, '2022-10-31', 'Le decor de ce restaurant est a couper le souffle. L\'atmosphere est elegante et apaisante, ce qui en fait l\'endroit ideal pour des repas speciaux et des celebrations.', 33, 23),
(118, '2021-06-28', 'Ce restaurant a une passion evidente pour les produits locaux et de saison. Chaque bouchee etait une ode a la gastronomie locale. Une experience qui met en avant la cuisine regionale.', 85, 54),
(119, '2023-01-29', 'J\'ai ete impressionne par l\'engagement ecologique de ce restaurant. Les efforts en faveur de la durabilite se ressentent dans chaque aspect de l\'experience culinaire. Bravo pour cette approche responsable !', 39, 72),
(120, '2022-02-04', 'Je suis un habitue de ce restaurant, et il ne cesse de me surprendre. Le menu change regulierement, offrant une variete de plats delicieux a chaque visite. Une valeur s?re pour les amateurs de cuisine raffinee.', 186, 23),
(121, '2022-12-25', 'Ce restaurant est une perle rare. La presentation artistique des plats en fait une experience visuelle tout autant que gustative. Un regal pour tous les sens !', 9, 14),
(122, '2022-03-26', 'J\'ai ete agreablement surpris par la diversite du menu. Il y en a pour tous les go?ts, des plats vegetariens aux options pour les amateurs de viande. Un choix incroyable !', 149, 19),
(123, '2022-12-25', 'Le restaurant offre une vue panoramique epoustouflante. C\'est le lieu ideal pour un d?ner romantique avec une vue imprenable sur la ville.', 161, 2),
(124, '2021-08-12', 'Le brunch du dimanche est un incontournable. Les options de petit-dejeuner et de dejeuner sont delicieuses, et les mimosas a volonte ajoutent une touche de luxe.', 62, 7),
(125, '2023-11-20', 'Le personnel du restaurant est exceptionnel. Ils sont attentifs, chaleureux et connaissent parfaitement la carte des vins. Un service de premiere classe.', 111, 90),
(126, '2023-07-20', 'La carte des cocktails est creative et delicieuse. J\'ai go?te des combinaisons de saveurs uniques que je n\'aurais jamais imaginees. Une veritable experience de mixologie.', 103, 87),
(127, '2022-07-14', 'Ce restaurant respecte des normes d\'hygiene strictes, ce qui m\'a mis a l\'aise en ces temps particuliers. La securite des clients est leur priorite.', 194, 71),
(128, '2023-08-08', 'J\'ai celebre un anniversaire ici, et l\'equipe du restaurant a cree une ambiance festive. Les bougies, la musique et le g?teau sur mesure ont rendu la soiree inoubliable.', 108, 6),
(129, '2023-07-02', 'La decoration interieure est a la fois elegante et confortable. C\'est l\'endroit ideal pour se detendre et savourer de delicieux plats.', 166, 57),
(130, '2023-02-02', 'Le restaurant propose une degustation de vins exceptionnelle. Chaque verre est accompagne d\'une explication detaillee, ce qui enrichit l\'experience.', 161, 62),
(131, '2021-06-07', 'Les desserts sont une veritable explosion de douceurs. J\'ai rarement go?te des creations aussi delicieuses. Une fin parfaite pour un repas parfait.', 113, 68),
(132, '2023-02-24', 'J\'ai ete impressionne par la variete des plats vegetariens. Ce restaurant propose une gamme incroyable de plats sans viande, parfaite pour les vegetariens et les flexitariens.', 132, 88),
(133, '2022-01-25', 'Le menu pour enfants est genial. Mon enfant est un mangeur difficile, mais il a adore chaque plat. C\'est agreable de pouvoir sortir en famille sans soucis.', 162, 95),
(134, '2021-12-21', 'J\'ai eu l\'occasion de go?ter un plat de fruits de mer a ce restaurant, et je me suis presque senti transporte au bord de la mer. Les saveurs etaient authentiques et delicieuses.', 27, 21),
(135, '2022-02-10', 'Le restaurant propose une soiree a theme hebdomadaire qui ajoute une touche d\'originalite a l\'experience culinaire. Une excellente fa?on de decouvrir de nouvelles saveurs.', 142, 51),
(136, '2023-09-28', 'J\'ai ete epate par la rapidite du service, m?me lorsqu\'il etait bonde. Le personnel est incroyablement efficace, ce qui rend le repas encore plus agreable.', 130, 14),
(137, '2021-01-16', 'Le chef du restaurant est un veritable artiste culinaire. Chaque plat est une ?uvre d\'art, tant visuellement que gustativement.', 107, 35),
(138, '2021-04-13', 'L\'atmosphere du restaurant est parfaite pour les soirees entre amis. Les cocktails, la musique et l\'energie du lieu en font un endroit ideal pour se divertir.', 97, 96),
(139, '2020-12-28', 'Le restaurant propose des options sans gluten, ce qui a rendu le repas tres accessible pour mon ami qui a des allergies. C\'etait un soulagement de trouver un endroit si accommodant.', 66, 47),
(140, '2023-02-23', 'Le menu du restaurant est saisonnier, ce qui garantit la fra?cheur des ingredients. J\'adore la philosophie de mise en avant des produits locaux.', 162, 25),
(141, '2022-05-19', 'Ce restaurant est l\'endroit parfait pour les amateurs de viande. Les steaks sont tendres et juteux, et les accompagnements sont delicieux.', 12, 50),
(142, '2023-08-13', 'J\'ai commande une degustation de vins et de fromages, et c\'etait une experience exquise. Les accords etaient parfaits, et chaque bouchee etait un delice.', 139, 71),
(143, '2020-12-03', 'Le restaurant propose une experience immersive avec une cuisine ouverte. C\'est fascinant de voir les chefs a l\'?uvre, et cela ajoute une dimension unique a la soiree.', 148, 46),
(144, '2021-02-08', 'La terrasse du restaurant est magnifique. D?ner en plein air avec une vue sur le coucher de soleil etait une experience inoubliable.', 6, 84),
(145, '2022-02-07', 'Les plats sont prepares avec une attention meticuleuse aux details. Chaque ingredient est soigneusement selectionne, ce qui se ressent dans la qualite de la cuisine.', 10, 86),
(146, '2023-09-03', 'Le restaurant offre des options vegetaliennes variees et delicieuses. M?me les non-vegetaliens trouveront ces plats irresistibles.', 197, 62),
(147, '2021-10-06', 'La carte des vins est tres diversifiee, offrant des options pour tous les budgets. Les recommandations du sommelier etaient excellentes.', 43, 85),
(148, '2022-04-02', 'Le restaurant organise des soirees a theme regulieres, ce qui ajoute une touche de variete a l\'experience. C\'est une excellente fa?on de decouvrir de nouvelles saveurs.', 54, 14),
(149, '2021-09-30', 'J\'ai celebre mon mariage dans ce restaurant, et tout etait parfait. La coordination, la decoration et la nourriture etaient impeccables. Une journee memorable.', 43, 47),
(150, '2022-11-04', 'Le restaurant propose un menu degustation qui permet de decouvrir un large eventail de saveurs. C\'est la meilleure fa?on d\'explorer la cuisine du chef.', 127, 42),
(151, '2023-12-02', 'J\'ai recemment d?ne dans ce restaurant et l\'experience a ete exceptionnelle. La nourriture etait delicieuse, le service impeccable et l\'ambiance chaleureuse. Je le recommande vivement !', 133, 17),
(152, '2021-04-12', 'C\'etait notre premiere visite dans ce restaurant et nous avons ete agreablement surpris. Les plats etaient savoureux et presentes de maniere elegante. Le personnel etait sympathique et attentionne. Nous y retournerons certainement.', 75, 15),
(153, '2021-02-08', 'Ce restaurant est un veritable bijou cache. La cuisine est divine, et l\'attention portee aux details est impressionnante. J\'ai adore chaque bouchee de mon repas. Une experience gastronomique inoubliable.', 191, 14),
(154, '2021-12-06', 'Un endroit ideal pour un repas en famille. Les enfants ont adore le menu pour enfants, et les adultes ont ete ravis par la variete des plats proposes. Une ambiance conviviale et une excellente qualite.', 86, 47),
(155, '2022-09-06', 'J\'ai choisi ce restaurant pour un d?ner romantique, et il a depasse toutes mes attentes. Les plats etaient delicieux, le cadre etait intime, et le personnel a contribue a creer une soiree parfaite.', 129, 29),
(156, '2021-10-07', 'Ce restaurant merite amplement ses eloges. Les saveurs des plats etaient extraordinaires, et le service etait impeccable. C\'est devenu l\'un de mes endroits preferes pour manger.', 93, 79),
(157, '2023-04-15', 'J\'ai eu l\'occasion de deguster un repas vegetarien dans ce restaurant, et j\'ai ete impressionne par la creativite des plats et la fra?cheur des ingredients. Une option fantastique pour les amateurs de cuisine vegetalienne.', 80, 2),
(158, '2021-08-30', 'Le brunch du dimanche dans ce restaurant est un incontournable. Le choix de plats sucres et sales est incroyable, et le personnel est toujours souriant. Une excellente fa?on de commencer la journee.', 178, 46),
(159, '2023-07-19', 'J\'ai celebre un anniversaire dans ce restaurant, et tout etait parfait, de l\'aperitif au dessert. Le g?teau d\'anniversaire personnalise etait une delicate attention. Merci pour cette soiree memorable !', 21, 42),
(160, '2022-07-11', 'Ce restaurant propose une fusion de saveurs surprenante et unique. Chaque plat est une aventure culinaire, et le chef sait comment surprendre les papilles. Une experience gustative exceptionnelle.', 153, 17),
(161, '2023-08-05', 'J\'ai eu le plaisir de d?ner dans ce restaurant hier soir, et je suis encore emerveille par la qualite de la nourriture. Chaque plat etait une explosion de saveurs. Un vrai regal pour les papilles !', 6, 57),
(162, '2021-03-25', 'Ce restaurant offre un excellent rapport qualite-prix. Les portions sont genereuses, et la qualite de la cuisine est indeniable. C\'est devenu notre endroit de predilection pour des repas delicieux a un prix abordable.', 190, 41),
(163, '2021-11-22', 'Le service dans ce restaurant est incomparable. Le personnel est attentionne et competent, ce qui ajoute a l\'experience globale. Nous nous sommes sentis choyes du debut a la fin de notre repas.', 107, 63),
(164, '2021-09-15', 'Ce restaurant propose une selection de vins impressionnante, parfaite pour accompagner les plats delicieux. Les amateurs de vin seront ravis de decouvrir une carte des vins aussi bien elaboree.', 46, 24),
(165, '2021-03-06', 'Je suis un amateur de fruits de mer, et ce restaurant a su combler toutes mes attentes. Les fruits de mer etaient frais et prepares avec soin. Une experience maritime exceptionnelle !', 11, 81),
(166, '2023-04-28', 'J\'ai commande un plat a emporter de ce restaurant, et je n\'aurais pas pu ?tre plus satisfait. La presentation etait parfaite, et la nourriture etait toujours aussi delicieuse, m?me a la maison.', 62, 13),
(167, '2022-03-27', 'Le decor de ce restaurant est a couper le souffle. L\'atmosphere est elegante et apaisante, ce qui en fait l\'endroit ideal pour des repas speciaux et des celebrations.', 48, 21),
(168, '2021-10-06', 'Ce restaurant a une passion evidente pour les produits locaux et de saison. Chaque bouchee etait une ode a la gastronomie locale. Une experience qui met en avant la cuisine regionale.', 91, 47),
(169, '2022-05-04', 'J\'ai ete impressionne par l\'engagement ecologique de ce restaurant. Les efforts en faveur de la durabilite se ressentent dans chaque aspect de l\'experience culinaire. Bravo pour cette approche responsable !', 89, 94),
(170, '2022-09-12', 'Je suis un habitue de ce restaurant, et il ne cesse de me surprendre. Le menu change regulierement, offrant une variete de plats delicieux a chaque visite. Une valeur s?re pour les amateurs de cuisine raffinee.', 10, 75),
(171, '2023-05-18', 'Ce restaurant est une perle rare. La presentation artistique des plats en fait une experience visuelle tout autant que gustative. Un regal pour tous les sens !', 154, 31),
(172, '2021-01-29', 'J\'ai ete agreablement surpris par la diversite du menu. Il y en a pour tous les go?ts, des plats vegetariens aux options pour les amateurs de viande. Un choix incroyable !', 125, 11),
(173, '2023-09-25', 'Le restaurant offre une vue panoramique epoustouflante. C\'est le lieu ideal pour un d?ner romantique avec une vue imprenable sur la ville.', 189, 73),
(174, '2022-12-16', 'Le brunch du dimanche est un incontournable. Les options de petit-dejeuner et de dejeuner sont delicieuses, et les mimosas a volonte ajoutent une touche de luxe.', 200, 96),
(175, '2021-11-30', 'Le personnel du restaurant est exceptionnel. Ils sont attentifs, chaleureux et connaissent parfaitement la carte des vins. Un service de premiere classe.', 3, 27),
(176, '2022-09-23', 'La carte des cocktails est creative et delicieuse. J\'ai go?te des combinaisons de saveurs uniques que je n\'aurais jamais imaginees. Une veritable experience de mixologie.', 36, 79),
(177, '2022-06-22', 'Ce restaurant respecte des normes d\'hygiene strictes, ce qui m\'a mis a l\'aise en ces temps particuliers. La securite des clients est leur priorite.', 127, 56),
(178, '2023-03-19', 'J\'ai celebre un anniversaire ici, et l\'equipe du restaurant a cree une ambiance festive. Les bougies, la musique et le g?teau sur mesure ont rendu la soiree inoubliable.', 83, 41),
(179, '2021-08-22', 'La decoration interieure est a la fois elegante et confortable. C\'est l\'endroit ideal pour se detendre et savourer de delicieux plats.', 40, 32),
(180, '2023-03-17', 'Le restaurant propose une degustation de vins exceptionnelle. Chaque verre est accompagne d\'une explication detaillee, ce qui enrichit l\'experience.', 181, 61),
(181, '2023-09-20', 'Les desserts sont une veritable explosion de douceurs. J\'ai rarement go?te des creations aussi delicieuses. Une fin parfaite pour un repas parfait.', 62, 46),
(182, '2023-02-12', 'J\'ai ete impressionne par la variete des plats vegetariens. Ce restaurant propose une gamme incroyable de plats sans viande, parfaite pour les vegetariens et les flexitariens.', 39, 9),
(183, '2021-04-18', 'Le menu pour enfants est genial. Mon enfant est un mangeur difficile, mais il a adore chaque plat. C\'est agreable de pouvoir sortir en famille sans soucis.', 49, 33),
(184, '2022-10-20', 'J\'ai eu l\'occasion de go?ter un plat de fruits de mer a ce restaurant, et je me suis presque senti transporte au bord de la mer. Les saveurs etaient authentiques et delicieuses.', 78, 39),
(185, '2022-11-17', 'Le restaurant propose une soiree a theme hebdomadaire qui ajoute une touche d\'originalite a l\'experience culinaire. Une excellente fa?on de decouvrir de nouvelles saveurs.', 14, 97),
(186, '2023-08-22', 'J\'ai ete epate par la rapidite du service, m?me lorsqu\'il etait bonde. Le personnel est incroyablement efficace, ce qui rend le repas encore plus agreable.', 92, 23),
(187, '2023-08-28', 'Le chef du restaurant est un veritable artiste culinaire. Chaque plat est une ?uvre d\'art, tant visuellement que gustativement.', 110, 95),
(188, '2022-07-24', 'L\'atmosphere du restaurant est parfaite pour les soirees entre amis. Les cocktails, la musique et l\'energie du lieu en font un endroit ideal pour se divertir.', 66, 42),
(189, '2021-02-18', 'Le restaurant propose des options sans gluten, ce qui a rendu le repas tres accessible pour mon ami qui a des allergies. C\'etait un soulagement de trouver un endroit si accommodant.', 99, 26),
(190, '2023-08-02', 'Le menu du restaurant est saisonnier, ce qui garantit la fra?cheur des ingredients. J\'adore la philosophie de mise en avant des produits locaux.', 76, 63),
(191, '2023-07-08', 'Ce restaurant est l\'endroit parfait pour les amateurs de viande. Les steaks sont tendres et juteux, et les accompagnements sont delicieux.', 14, 81),
(192, '2022-09-28', 'J\'ai commande une degustation de vins et de fromages, et c\'etait une experience exquise. Les accords etaient parfaits, et chaque bouchee etait un delice.', 193, 93),
(193, '2023-11-21', 'Le restaurant propose une experience immersive avec une cuisine ouverte. C\'est fascinant de voir les chefs a l\'?uvre, et cela ajoute une dimension unique a la soiree.', 42, 72),
(194, '2022-01-28', 'La terrasse du restaurant est magnifique. D?ner en plein air avec une vue sur le coucher de soleil etait une experience inoubliable.', 22, 80),
(195, '2022-01-30', 'Les plats sont prepares avec une attention meticuleuse aux details. Chaque ingredient est soigneusement selectionne, ce qui se ressent dans la qualite de la cuisine.', 89, 88),
(196, '2022-12-21', 'Le restaurant offre des options vegetaliennes variees et delicieuses. M?me les non-vegetaliens trouveront ces plats irresistibles.', 156, 30),
(197, '2021-10-02', 'La carte des vins est tres diversifiee, offrant des options pour tous les budgets. Les recommandations du sommelier etaient excellentes.', 115, 48),
(198, '2023-02-15', 'Le restaurant organise des soirees a theme regulieres, ce qui ajoute une touche de variete a l\'experience. C\'est une excellente fa?on de decouvrir de nouvelles saveurs.', 52, 94),
(199, '2022-10-08', 'J\'ai celebre mon mariage dans ce restaurant, et tout etait parfait. La coordination, la decoration et la nourriture etaient impeccables. Une journee memorable.', 111, 4),
(200, '2023-11-24', 'Le restaurant propose un menu degustation qui permet de decouvrir un large eventail de saveurs. C\'est la meilleure fa?on d\'explorer la cuisine du chef.', 179, 23),
(201, '2023-01-02', 'J\'ai recemment d?ne dans ce restaurant et l\'experience a ete exceptionnelle. La nourriture etait delicieuse, le service impeccable et l\'ambiance chaleureuse. Je le recommande vivement !', 107, 85),
(202, '2022-08-18', 'C\'etait notre premiere visite dans ce restaurant et nous avons ete agreablement surpris. Les plats etaient savoureux et presentes de maniere elegante. Le personnel etait sympathique et attentionne. Nous y retournerons certainement.', 200, 64),
(203, '2021-02-14', 'Ce restaurant est un veritable bijou cache. La cuisine est divine, et l\'attention portee aux details est impressionnante. J\'ai adore chaque bouchee de mon repas. Une experience gastronomique inoubliable.', 10, 39),
(204, '2022-11-26', 'Un endroit ideal pour un repas en famille. Les enfants ont adore le menu pour enfants, et les adultes ont ete ravis par la variete des plats proposes. Une ambiance conviviale et une excellente qualite.', 96, 47),
(205, '2022-06-27', 'J\'ai choisi ce restaurant pour un d?ner romantique, et il a depasse toutes mes attentes. Les plats etaient delicieux, le cadre etait intime, et le personnel a contribue a creer une soiree parfaite.', 22, 72),
(206, '2023-07-04', 'Ce restaurant merite amplement ses eloges. Les saveurs des plats etaient extraordinaires, et le service etait impeccable. C\'est devenu l\'un de mes endroits preferes pour manger.', 47, 10),
(207, '2022-01-12', 'J\'ai eu l\'occasion de deguster un repas vegetarien dans ce restaurant, et j\'ai ete impressionne par la creativite des plats et la fra?cheur des ingredients. Une option fantastique pour les amateurs de cuisine vegetalienne.', 104, 98),
(208, '2022-05-09', 'Le brunch du dimanche dans ce restaurant est un incontournable. Le choix de plats sucres et sales est incroyable, et le personnel est toujours souriant. Une excellente fa?on de commencer la journee.', 115, 58),
(209, '2021-08-12', 'J\'ai celebre un anniversaire dans ce restaurant, et tout etait parfait, de l\'aperitif au dessert. Le g?teau d\'anniversaire personnalise etait une delicate attention. Merci pour cette soiree memorable !', 89, 13),
(210, '2021-09-28', 'Ce restaurant propose une fusion de saveurs surprenante et unique. Chaque plat est une aventure culinaire, et le chef sait comment surprendre les papilles. Une experience gustative exceptionnelle.', 9, 98),
(211, '2023-01-11', 'J\'ai eu le plaisir de d?ner dans ce restaurant hier soir, et je suis encore emerveille par la qualite de la nourriture. Chaque plat etait une explosion de saveurs. Un vrai regal pour les papilles !', 178, 87),
(212, '2023-04-24', 'Ce restaurant offre un excellent rapport qualite-prix. Les portions sont genereuses, et la qualite de la cuisine est indeniable. C\'est devenu notre endroit de predilection pour des repas delicieux a un prix abordable.', 19, 48),
(213, '2023-10-23', 'Le service dans ce restaurant est incomparable. Le personnel est attentionne et competent, ce qui ajoute a l\'experience globale. Nous nous sommes sentis choyes du debut a la fin de notre repas.', 7, 33),
(214, '2023-12-06', 'Ce restaurant propose une selection de vins impressionnante, parfaite pour accompagner les plats delicieux. Les amateurs de vin seront ravis de decouvrir une carte des vins aussi bien elaboree.', 67, 24),
(215, '2021-01-06', 'Je suis un amateur de fruits de mer, et ce restaurant a su combler toutes mes attentes. Les fruits de mer etaient frais et prepares avec soin. Une experience maritime exceptionnelle !', 5, 13),
(216, '2021-12-02', 'J\'ai commande un plat a emporter de ce restaurant, et je n\'aurais pas pu ?tre plus satisfait. La presentation etait parfaite, et la nourriture etait toujours aussi delicieuse, m?me a la maison.', 26, 51),
(217, '2022-08-12', 'Le decor de ce restaurant est a couper le souffle. L\'atmosphere est elegante et apaisante, ce qui en fait l\'endroit ideal pour des repas speciaux et des celebrations.', 19, 41),
(218, '2023-06-09', 'Ce restaurant a une passion evidente pour les produits locaux et de saison. Chaque bouchee etait une ode a la gastronomie locale. Une experience qui met en avant la cuisine regionale.', 154, 34),
(219, '2021-04-03', 'J\'ai ete impressionne par l\'engagement ecologique de ce restaurant. Les efforts en faveur de la durabilite se ressentent dans chaque aspect de l\'experience culinaire. Bravo pour cette approche responsable !', 168, 97),
(220, '2022-02-05', 'Je suis un habitue de ce restaurant, et il ne cesse de me surprendre. Le menu change regulierement, offrant une variete de plats delicieux a chaque visite. Une valeur s?re pour les amateurs de cuisine raffinee.', 177, 3),
(221, '2022-09-20', 'Ce restaurant est une perle rare. La presentation artistique des plats en fait une experience visuelle tout autant que gustative. Un regal pour tous les sens !', 137, 62),
(222, '2022-07-03', 'J\'ai ete agreablement surpris par la diversite du menu. Il y en a pour tous les go?ts, des plats vegetariens aux options pour les amateurs de viande. Un choix incroyable !', 75, 44),
(223, '2021-09-03', 'Le restaurant offre une vue panoramique epoustouflante. C\'est le lieu ideal pour un d?ner romantique avec une vue imprenable sur la ville.', 117, 71),
(224, '2021-09-18', 'Le brunch du dimanche est un incontournable. Les options de petit-dejeuner et de dejeuner sont delicieuses, et les mimosas a volonte ajoutent une touche de luxe.', 52, 61),
(225, '2021-10-01', 'Le personnel du restaurant est exceptionnel. Ils sont attentifs, chaleureux et connaissent parfaitement la carte des vins. Un service de premiere classe.', 23, 80),
(226, '2022-10-04', 'La carte des cocktails est creative et delicieuse. J\'ai go?te des combinaisons de saveurs uniques que je n\'aurais jamais imaginees. Une veritable experience de mixologie.', 34, 52),
(227, '2023-04-10', 'Ce restaurant respecte des normes d\'hygiene strictes, ce qui m\'a mis a l\'aise en ces temps particuliers. La securite des clients est leur priorite.', 102, 94),
(228, '2023-10-31', 'J\'ai celebre un anniversaire ici, et l\'equipe du restaurant a cree une ambiance festive. Les bougies, la musique et le g?teau sur mesure ont rendu la soiree inoubliable.', 179, 18),
(229, '2022-03-28', 'La decoration interieure est a la fois elegante et confortable. C\'est l\'endroit ideal pour se detendre et savourer de delicieux plats.', 4, 32),
(230, '2021-05-04', 'Le restaurant propose une degustation de vins exceptionnelle. Chaque verre est accompagne d\'une explication detaillee, ce qui enrichit l\'experience.', 108, 89),
(231, '2023-06-25', 'Les desserts sont une veritable explosion de douceurs. J\'ai rarement go?te des creations aussi delicieuses. Une fin parfaite pour un repas parfait.', 14, 72),
(232, '2023-10-22', 'J\'ai ete impressionne par la variete des plats vegetariens. Ce restaurant propose une gamme incroyable de plats sans viande, parfaite pour les vegetariens et les flexitariens.', 150, 11),
(233, '2022-06-20', 'Le menu pour enfants est genial. Mon enfant est un mangeur difficile, mais il a adore chaque plat. C\'est agreable de pouvoir sortir en famille sans soucis.', 95, 34),
(234, '2023-04-26', 'J\'ai eu l\'occasion de go?ter un plat de fruits de mer a ce restaurant, et je me suis presque senti transporte au bord de la mer. Les saveurs etaient authentiques et delicieuses.', 200, 99),
(235, '2023-07-13', 'Le restaurant propose une soiree a theme hebdomadaire qui ajoute une touche d\'originalite a l\'experience culinaire. Une excellente fa?on de decouvrir de nouvelles saveurs.', 192, 62),
(236, '2021-07-19', 'J\'ai ete epate par la rapidite du service, m?me lorsqu\'il etait bonde. Le personnel est incroyablement efficace, ce qui rend le repas encore plus agreable.', 193, 33),
(237, '2023-11-08', 'Le chef du restaurant est un veritable artiste culinaire. Chaque plat est une ?uvre d\'art, tant visuellement que gustativement.', 156, 75),
(238, '2022-10-18', 'L\'atmosphere du restaurant est parfaite pour les soirees entre amis. Les cocktails, la musique et l\'energie du lieu en font un endroit ideal pour se divertir.', 13, 40),
(239, '2022-09-12', 'Le restaurant propose des options sans gluten, ce qui a rendu le repas tres accessible pour mon ami qui a des allergies. C\'etait un soulagement de trouver un endroit si accommodant.', 21, 91),
(240, '2022-06-21', 'Le menu du restaurant est saisonnier, ce qui garantit la fra?cheur des ingredients. J\'adore la philosophie de mise en avant des produits locaux.', 8, 89),
(241, '2023-04-28', 'Ce restaurant est l\'endroit parfait pour les amateurs de viande. Les steaks sont tendres et juteux, et les accompagnements sont delicieux.', 187, 87),
(242, '2022-03-18', 'J\'ai commande une degustation de vins et de fromages, et c\'etait une experience exquise. Les accords etaient parfaits, et chaque bouchee etait un delice.', 101, 71),
(243, '2023-05-12', 'Le restaurant propose une experience immersive avec une cuisine ouverte. C\'est fascinant de voir les chefs a l\'?uvre, et cela ajoute une dimension unique a la soiree.', 147, 96),
(244, '2023-12-01', 'La terrasse du restaurant est magnifique. D?ner en plein air avec une vue sur le coucher de soleil etait une experience inoubliable.', 183, 67);
INSERT INTO `avis` (`id_avis`, `date_heure_avis`, `avis`, `id_individu`, `id_restaurant`) VALUES
(245, '2022-06-19', 'Les plats sont prepares avec une attention meticuleuse aux details. Chaque ingredient est soigneusement selectionne, ce qui se ressent dans la qualite de la cuisine.', 167, 53),
(246, '2020-12-03', 'Le restaurant offre des options vegetaliennes variees et delicieuses. M?me les non-vegetaliens trouveront ces plats irresistibles.', 61, 59),
(247, '2023-08-21', 'La carte des vins est tres diversifiee, offrant des options pour tous les budgets. Les recommandations du sommelier etaient excellentes.', 82, 60),
(248, '2022-10-13', 'Le restaurant organise des soirees a theme regulieres, ce qui ajoute une touche de variete a l\'experience. C\'est une excellente fa?on de decouvrir de nouvelles saveurs.', 165, 2),
(249, '2023-09-01', 'J\'ai celebre mon mariage dans ce restaurant, et tout etait parfait. La coordination, la decoration et la nourriture etaient impeccables. Une journee memorable.', 26, 97),
(250, '2022-10-30', 'Le restaurant propose un menu degustation qui permet de decouvrir un large eventail de saveurs. C\'est la meilleure fa?on d\'explorer la cuisine du chef.', 164, 19),
(251, '2022-04-19', 'J\'ai recemment d?ne dans ce restaurant et l\'experience a ete exceptionnelle. La nourriture etait delicieuse, le service impeccable et l\'ambiance chaleureuse. Je le recommande vivement !', 163, 42),
(252, '2023-09-29', 'C\'etait notre premiere visite dans ce restaurant et nous avons ete agreablement surpris. Les plats etaient savoureux et presentes de maniere elegante. Le personnel etait sympathique et attentionne. Nous y retournerons certainement.', 7, 17),
(253, '2022-06-18', 'Ce restaurant est un veritable bijou cache. La cuisine est divine, et l\'attention portee aux details est impressionnante. J\'ai adore chaque bouchee de mon repas. Une experience gastronomique inoubliable.', 46, 95),
(254, '2021-05-16', 'Un endroit ideal pour un repas en famille. Les enfants ont adore le menu pour enfants, et les adultes ont ete ravis par la variete des plats proposes. Une ambiance conviviale et une excellente qualite.', 200, 13),
(255, '2021-06-09', 'J\'ai choisi ce restaurant pour un d?ner romantique, et il a depasse toutes mes attentes. Les plats etaient delicieux, le cadre etait intime, et le personnel a contribue a creer une soiree parfaite.', 164, 22),
(256, '2021-06-24', 'Ce restaurant merite amplement ses eloges. Les saveurs des plats etaient extraordinaires, et le service etait impeccable. C\'est devenu l\'un de mes endroits preferes pour manger.', 11, 89),
(257, '2022-07-19', 'J\'ai eu l\'occasion de deguster un repas vegetarien dans ce restaurant, et j\'ai ete impressionne par la creativite des plats et la fra?cheur des ingredients. Une option fantastique pour les amateurs de cuisine vegetalienne.', 136, 71),
(258, '2021-10-13', 'Le brunch du dimanche dans ce restaurant est un incontournable. Le choix de plats sucres et sales est incroyable, et le personnel est toujours souriant. Une excellente fa?on de commencer la journee.', 75, 36),
(259, '2023-07-16', 'J\'ai celebre un anniversaire dans ce restaurant, et tout etait parfait, de l\'aperitif au dessert. Le g?teau d\'anniversaire personnalise etait une delicate attention. Merci pour cette soiree memorable !', 111, 76),
(260, '2023-12-28', 'Ce restaurant propose une fusion de saveurs surprenante et unique. Chaque plat est une aventure culinaire, et le chef sait comment surprendre les papilles. Une experience gustative exceptionnelle.', 128, 81),
(261, '2021-05-22', 'J\'ai eu le plaisir de d?ner dans ce restaurant hier soir, et je suis encore emerveille par la qualite de la nourriture. Chaque plat etait une explosion de saveurs. Un vrai regal pour les papilles !', 42, 12),
(262, '2022-12-25', 'Ce restaurant offre un excellent rapport qualite-prix. Les portions sont genereuses, et la qualite de la cuisine est indeniable. C\'est devenu notre endroit de predilection pour des repas delicieux a un prix abordable.', 200, 59),
(263, '2022-09-01', 'Le service dans ce restaurant est incomparable. Le personnel est attentionne et competent, ce qui ajoute a l\'experience globale. Nous nous sommes sentis choyes du debut a la fin de notre repas.', 3, 56),
(264, '2021-10-06', 'Ce restaurant propose une selection de vins impressionnante, parfaite pour accompagner les plats delicieux. Les amateurs de vin seront ravis de decouvrir une carte des vins aussi bien elaboree.', 181, 94),
(265, '2021-03-11', 'Je suis un amateur de fruits de mer, et ce restaurant a su combler toutes mes attentes. Les fruits de mer etaient frais et prepares avec soin. Une experience maritime exceptionnelle !', 186, 35),
(266, '2021-10-06', 'J\'ai commande un plat a emporter de ce restaurant, et je n\'aurais pas pu ?tre plus satisfait. La presentation etait parfaite, et la nourriture etait toujours aussi delicieuse, m?me a la maison.', 33, 39),
(267, '2022-09-09', 'Le decor de ce restaurant est a couper le souffle. L\'atmosphere est elegante et apaisante, ce qui en fait l\'endroit ideal pour des repas speciaux et des celebrations.', 13, 61),
(268, '2022-12-22', 'Ce restaurant a une passion evidente pour les produits locaux et de saison. Chaque bouchee etait une ode a la gastronomie locale. Une experience qui met en avant la cuisine regionale.', 148, 31),
(269, '2023-08-25', 'J\'ai ete impressionne par l\'engagement ecologique de ce restaurant. Les efforts en faveur de la durabilite se ressentent dans chaque aspect de l\'experience culinaire. Bravo pour cette approche responsable !', 79, 16),
(270, '2022-12-31', 'Je suis un habitue de ce restaurant, et il ne cesse de me surprendre. Le menu change regulierement, offrant une variete de plats delicieux a chaque visite. Une valeur s?re pour les amateurs de cuisine raffinee.', 149, 5),
(271, '2022-12-28', 'Ce restaurant est une perle rare. La presentation artistique des plats en fait une experience visuelle tout autant que gustative. Un regal pour tous les sens !', 124, 21),
(272, '2023-09-01', 'J\'ai ete agreablement surpris par la diversite du menu. Il y en a pour tous les go?ts, des plats vegetariens aux options pour les amateurs de viande. Un choix incroyable !', 18, 28),
(273, '2022-03-07', 'Le restaurant offre une vue panoramique epoustouflante. C\'est le lieu ideal pour un d?ner romantique avec une vue imprenable sur la ville.', 196, 70),
(274, '2022-01-09', 'Le brunch du dimanche est un incontournable. Les options de petit-dejeuner et de dejeuner sont delicieuses, et les mimosas a volonte ajoutent une touche de luxe.', 46, 63),
(275, '2021-09-09', 'Le personnel du restaurant est exceptionnel. Ils sont attentifs, chaleureux et connaissent parfaitement la carte des vins. Un service de premiere classe.', 87, 31),
(276, '2021-07-16', 'La carte des cocktails est creative et delicieuse. J\'ai go?te des combinaisons de saveurs uniques que je n\'aurais jamais imaginees. Une veritable experience de mixologie.', 61, 5),
(277, '2023-10-28', 'Ce restaurant respecte des normes d\'hygiene strictes, ce qui m\'a mis a l\'aise en ces temps particuliers. La securite des clients est leur priorite.', 58, 41),
(278, '2023-04-03', 'J\'ai celebre un anniversaire ici, et l\'equipe du restaurant a cree une ambiance festive. Les bougies, la musique et le g?teau sur mesure ont rendu la soiree inoubliable.', 29, 76),
(279, '2021-07-27', 'La decoration interieure est a la fois elegante et confortable. C\'est l\'endroit ideal pour se detendre et savourer de delicieux plats.', 74, 90),
(280, '2022-02-25', 'Le restaurant propose une degustation de vins exceptionnelle. Chaque verre est accompagne d\'une explication detaillee, ce qui enrichit l\'experience.', 92, 5),
(281, '2023-09-01', 'Les desserts sont une veritable explosion de douceurs. J\'ai rarement go?te des creations aussi delicieuses. Une fin parfaite pour un repas parfait.', 138, 10),
(282, '2021-03-07', 'J\'ai ete impressionne par la variete des plats vegetariens. Ce restaurant propose une gamme incroyable de plats sans viande, parfaite pour les vegetariens et les flexitariens.', 18, 41),
(283, '2023-02-05', 'Le menu pour enfants est genial. Mon enfant est un mangeur difficile, mais il a adore chaque plat. C\'est agreable de pouvoir sortir en famille sans soucis.', 165, 97),
(284, '2022-02-23', 'J\'ai eu l\'occasion de go?ter un plat de fruits de mer a ce restaurant, et je me suis presque senti transporte au bord de la mer. Les saveurs etaient authentiques et delicieuses.', 165, 70),
(285, '2023-06-27', 'Le restaurant propose une soiree a theme hebdomadaire qui ajoute une touche d\'originalite a l\'experience culinaire. Une excellente fa?on de decouvrir de nouvelles saveurs.', 164, 49),
(286, '2023-02-12', 'J\'ai ete epate par la rapidite du service, m?me lorsqu\'il etait bonde. Le personnel est incroyablement efficace, ce qui rend le repas encore plus agreable.', 43, 64),
(287, '2023-01-18', 'Le chef du restaurant est un veritable artiste culinaire. Chaque plat est une ?uvre d\'art, tant visuellement que gustativement.', 53, 11),
(288, '2021-11-02', 'L\'atmosphere du restaurant est parfaite pour les soirees entre amis. Les cocktails, la musique et l\'energie du lieu en font un endroit ideal pour se divertir.', 64, 61),
(289, '2022-01-04', 'Le restaurant propose des options sans gluten, ce qui a rendu le repas tres accessible pour mon ami qui a des allergies. C\'etait un soulagement de trouver un endroit si accommodant.', 27, 57),
(290, '2022-02-05', 'Le menu du restaurant est saisonnier, ce qui garantit la fra?cheur des ingredients. J\'adore la philosophie de mise en avant des produits locaux.', 28, 88),
(291, '2022-09-15', 'Ce restaurant est l\'endroit parfait pour les amateurs de viande. Les steaks sont tendres et juteux, et les accompagnements sont delicieux.', 127, 4),
(292, '2023-12-29', 'J\'ai commande une degustation de vins et de fromages, et c\'etait une experience exquise. Les accords etaient parfaits, et chaque bouchee etait un delice.', 184, 25),
(293, '2021-11-23', 'Le restaurant propose une experience immersive avec une cuisine ouverte. C\'est fascinant de voir les chefs a l\'?uvre, et cela ajoute une dimension unique a la soiree.', 51, 19),
(294, '2022-01-14', 'La terrasse du restaurant est magnifique. D?ner en plein air avec une vue sur le coucher de soleil etait une experience inoubliable.', 134, 50),
(295, '2022-09-17', 'Les plats sont prepares avec une attention meticuleuse aux details. Chaque ingredient est soigneusement selectionne, ce qui se ressent dans la qualite de la cuisine.', 1, 19),
(296, '2021-12-30', 'Le restaurant offre des options vegetaliennes variees et delicieuses. M?me les non-vegetaliens trouveront ces plats irresistibles.', 136, 99),
(297, '2021-02-11', 'La carte des vins est tres diversifiee, offrant des options pour tous les budgets. Les recommandations du sommelier etaient excellentes.', 88, 10),
(298, '2021-10-05', 'Le restaurant organise des soirees a theme regulieres, ce qui ajoute une touche de variete a l\'experience. C\'est une excellente fa?on de decouvrir de nouvelles saveurs.', 67, 97),
(299, '2022-03-10', 'J\'ai celebre mon mariage dans ce restaurant, et tout etait parfait. La coordination, la decoration et la nourriture etaient impeccables. Une journee memorable.', 70, 43),
(300, '2023-06-02', 'Le restaurant propose un menu degustation qui permet de decouvrir un large eventail de saveurs. C\'est la meilleure fa?on d\'explorer la cuisine du chef.', 29, 87),
(301, '2022-11-27', 'J\'ai recemment d?ne dans ce restaurant et l\'experience a ete exceptionnelle. La nourriture etait delicieuse, le service impeccable et l\'ambiance chaleureuse. Je le recommande vivement !', 167, 88),
(302, '2022-03-14', 'C\'etait notre premiere visite dans ce restaurant et nous avons ete agreablement surpris. Les plats etaient savoureux et presentes de maniere elegante. Le personnel etait sympathique et attentionne. Nous y retournerons certainement.', 125, 74),
(303, '2023-07-14', 'Ce restaurant est un veritable bijou cache. La cuisine est divine, et l\'attention portee aux details est impressionnante. J\'ai adore chaque bouchee de mon repas. Une experience gastronomique inoubliable.', 108, 11),
(304, '2022-08-07', 'Un endroit ideal pour un repas en famille. Les enfants ont adore le menu pour enfants, et les adultes ont ete ravis par la variete des plats proposes. Une ambiance conviviale et une excellente qualite.', 6, 81),
(305, '2021-09-14', 'J\'ai choisi ce restaurant pour un d?ner romantique, et il a depasse toutes mes attentes. Les plats etaient delicieux, le cadre etait intime, et le personnel a contribue a creer une soiree parfaite.', 100, 74),
(306, '2023-03-24', 'Ce restaurant merite amplement ses eloges. Les saveurs des plats etaient extraordinaires, et le service etait impeccable. C\'est devenu l\'un de mes endroits preferes pour manger.', 48, 66),
(307, '2023-10-22', 'J\'ai eu l\'occasion de deguster un repas vegetarien dans ce restaurant, et j\'ai ete impressionne par la creativite des plats et la fra?cheur des ingredients. Une option fantastique pour les amateurs de cuisine vegetalienne.', 10, 41),
(308, '2021-09-06', 'Le brunch du dimanche dans ce restaurant est un incontournable. Le choix de plats sucres et sales est incroyable, et le personnel est toujours souriant. Une excellente fa?on de commencer la journee.', 192, 15),
(309, '2023-06-06', 'J\'ai celebre un anniversaire dans ce restaurant, et tout etait parfait, de l\'aperitif au dessert. Le g?teau d\'anniversaire personnalise etait une delicate attention. Merci pour cette soiree memorable !', 47, 14),
(310, '2022-06-14', 'Ce restaurant propose une fusion de saveurs surprenante et unique. Chaque plat est une aventure culinaire, et le chef sait comment surprendre les papilles. Une experience gustative exceptionnelle.', 157, 82),
(311, '2023-02-02', 'J\'ai eu le plaisir de d?ner dans ce restaurant hier soir, et je suis encore emerveille par la qualite de la nourriture. Chaque plat etait une explosion de saveurs. Un vrai regal pour les papilles !', 185, 44),
(312, '2021-08-30', 'Ce restaurant offre un excellent rapport qualite-prix. Les portions sont genereuses, et la qualite de la cuisine est indeniable. C\'est devenu notre endroit de predilection pour des repas delicieux a un prix abordable.', 142, 7),
(313, '2021-04-28', 'Le service dans ce restaurant est incomparable. Le personnel est attentionne et competent, ce qui ajoute a l\'experience globale. Nous nous sommes sentis choyes du debut a la fin de notre repas.', 92, 5),
(314, '2022-11-19', 'Ce restaurant propose une selection de vins impressionnante, parfaite pour accompagner les plats delicieux. Les amateurs de vin seront ravis de decouvrir une carte des vins aussi bien elaboree.', 104, 18),
(315, '2020-12-01', 'Je suis un amateur de fruits de mer, et ce restaurant a su combler toutes mes attentes. Les fruits de mer etaient frais et prepares avec soin. Une experience maritime exceptionnelle !', 66, 28),
(316, '2021-05-24', 'J\'ai commande un plat a emporter de ce restaurant, et je n\'aurais pas pu ?tre plus satisfait. La presentation etait parfaite, et la nourriture etait toujours aussi delicieuse, m?me a la maison.', 81, 8),
(317, '2021-01-20', 'Le decor de ce restaurant est a couper le souffle. L\'atmosphere est elegante et apaisante, ce qui en fait l\'endroit ideal pour des repas speciaux et des celebrations.', 179, 62),
(318, '2023-01-15', 'Ce restaurant a une passion evidente pour les produits locaux et de saison. Chaque bouchee etait une ode a la gastronomie locale. Une experience qui met en avant la cuisine regionale.', 173, 61),
(319, '2022-03-04', 'J\'ai ete impressionne par l\'engagement ecologique de ce restaurant. Les efforts en faveur de la durabilite se ressentent dans chaque aspect de l\'experience culinaire. Bravo pour cette approche responsable !', 74, 34),
(320, '2021-11-19', 'Je suis un habitue de ce restaurant, et il ne cesse de me surprendre. Le menu change regulierement, offrant une variete de plats delicieux a chaque visite. Une valeur s?re pour les amateurs de cuisine raffinee.', 75, 97),
(321, '2021-07-11', 'Ce restaurant est une perle rare. La presentation artistique des plats en fait une experience visuelle tout autant que gustative. Un regal pour tous les sens !', 41, 88),
(322, '2023-04-22', 'J\'ai ete agreablement surpris par la diversite du menu. Il y en a pour tous les go?ts, des plats vegetariens aux options pour les amateurs de viande. Un choix incroyable !', 9, 24),
(323, '2023-09-17', 'Le restaurant offre une vue panoramique epoustouflante. C\'est le lieu ideal pour un d?ner romantique avec une vue imprenable sur la ville.', 133, 22),
(324, '2023-06-17', 'Le brunch du dimanche est un incontournable. Les options de petit-dejeuner et de dejeuner sont delicieuses, et les mimosas a volonte ajoutent une touche de luxe.', 115, 52),
(325, '2021-08-22', 'Le personnel du restaurant est exceptionnel. Ils sont attentifs, chaleureux et connaissent parfaitement la carte des vins. Un service de premiere classe.', 195, 83),
(326, '2022-07-01', 'La carte des cocktails est creative et delicieuse. J\'ai go?te des combinaisons de saveurs uniques que je n\'aurais jamais imaginees. Une veritable experience de mixologie.', 30, 7),
(327, '2023-07-05', 'Ce restaurant respecte des normes d\'hygiene strictes, ce qui m\'a mis a l\'aise en ces temps particuliers. La securite des clients est leur priorite.', 79, 52),
(328, '2023-11-04', 'J\'ai celebre un anniversaire ici, et l\'equipe du restaurant a cree une ambiance festive. Les bougies, la musique et le g?teau sur mesure ont rendu la soiree inoubliable.', 96, 15),
(329, '2023-06-30', 'La decoration interieure est a la fois elegante et confortable. C\'est l\'endroit ideal pour se detendre et savourer de delicieux plats.', 50, 86),
(330, '2021-03-07', 'Le restaurant propose une degustation de vins exceptionnelle. Chaque verre est accompagne d\'une explication detaillee, ce qui enrichit l\'experience.', 89, 44),
(331, '2022-06-30', 'Les desserts sont une veritable explosion de douceurs. J\'ai rarement go?te des creations aussi delicieuses. Une fin parfaite pour un repas parfait.', 82, 59),
(332, '2022-09-07', 'J\'ai ete impressionne par la variete des plats vegetariens. Ce restaurant propose une gamme incroyable de plats sans viande, parfaite pour les vegetariens et les flexitariens.', 146, 10),
(333, '2022-04-18', 'Le menu pour enfants est genial. Mon enfant est un mangeur difficile, mais il a adore chaque plat. C\'est agreable de pouvoir sortir en famille sans soucis.', 91, 64),
(334, '2022-01-19', 'J\'ai eu l\'occasion de go?ter un plat de fruits de mer a ce restaurant, et je me suis presque senti transporte au bord de la mer. Les saveurs etaient authentiques et delicieuses.', 180, 48),
(335, '2021-05-25', 'Le restaurant propose une soiree a theme hebdomadaire qui ajoute une touche d\'originalite a l\'experience culinaire. Une excellente fa?on de decouvrir de nouvelles saveurs.', 27, 60),
(336, '2023-07-15', 'J\'ai ete epate par la rapidite du service, m?me lorsqu\'il etait bonde. Le personnel est incroyablement efficace, ce qui rend le repas encore plus agreable.', 95, 69),
(337, '2020-12-04', 'Le chef du restaurant est un veritable artiste culinaire. Chaque plat est une ?uvre d\'art, tant visuellement que gustativement.', 102, 78),
(338, '2023-02-07', 'L\'atmosphere du restaurant est parfaite pour les soirees entre amis. Les cocktails, la musique et l\'energie du lieu en font un endroit ideal pour se divertir.', 178, 38),
(339, '2021-07-01', 'Le restaurant propose des options sans gluten, ce qui a rendu le repas tres accessible pour mon ami qui a des allergies. C\'etait un soulagement de trouver un endroit si accommodant.', 11, 3),
(340, '2023-04-05', 'Le menu du restaurant est saisonnier, ce qui garantit la fra?cheur des ingredients. J\'adore la philosophie de mise en avant des produits locaux.', 129, 36),
(341, '2021-04-07', 'Ce restaurant est l\'endroit parfait pour les amateurs de viande. Les steaks sont tendres et juteux, et les accompagnements sont delicieux.', 66, 68),
(342, '2022-09-05', 'J\'ai commande une degustation de vins et de fromages, et c\'etait une experience exquise. Les accords etaient parfaits, et chaque bouchee etait un delice.', 28, 95),
(343, '2023-12-08', 'Le restaurant propose une experience immersive avec une cuisine ouverte. C\'est fascinant de voir les chefs a l\'?uvre, et cela ajoute une dimension unique a la soiree.', 177, 21),
(344, '2023-07-03', 'La terrasse du restaurant est magnifique. D?ner en plein air avec une vue sur le coucher de soleil etait une experience inoubliable.', 46, 1),
(345, '2022-05-27', 'Les plats sont prepares avec une attention meticuleuse aux details. Chaque ingredient est soigneusement selectionne, ce qui se ressent dans la qualite de la cuisine.', 72, 58),
(346, '2023-10-07', 'Le restaurant offre des options vegetaliennes variees et delicieuses. M?me les non-vegetaliens trouveront ces plats irresistibles.', 102, 16),
(347, '2021-10-15', 'La carte des vins est tres diversifiee, offrant des options pour tous les budgets. Les recommandations du sommelier etaient excellentes.', 128, 91),
(348, '2021-03-01', 'Le restaurant organise des soirees a theme regulieres, ce qui ajoute une touche de variete a l\'experience. C\'est une excellente fa?on de decouvrir de nouvelles saveurs.', 171, 27),
(349, '2021-09-24', 'J\'ai celebre mon mariage dans ce restaurant, et tout etait parfait. La coordination, la decoration et la nourriture etaient impeccables. Une journee memorable.', 168, 84),
(350, '2023-12-17', 'Le restaurant propose un menu degustation qui permet de decouvrir un large eventail de saveurs. C\'est la meilleure fa?on d\'explorer la cuisine du chef.', 125, 2),
(351, '2022-04-30', 'J\'ai recemment d?ne dans ce restaurant et l\'experience a ete exceptionnelle. La nourriture etait delicieuse, le service impeccable et l\'ambiance chaleureuse. Je le recommande vivement !', 137, 6),
(352, '2021-01-26', 'C\'etait notre premiere visite dans ce restaurant et nous avons ete agreablement surpris. Les plats etaient savoureux et presentes de maniere elegante. Le personnel etait sympathique et attentionne. Nous y retournerons certainement.', 125, 25),
(353, '2023-01-08', 'Ce restaurant est un veritable bijou cache. La cuisine est divine, et l\'attention portee aux details est impressionnante. J\'ai adore chaque bouchee de mon repas. Une experience gastronomique inoubliable.', 136, 94),
(354, '2021-01-28', 'Un endroit ideal pour un repas en famille. Les enfants ont adore le menu pour enfants, et les adultes ont ete ravis par la variete des plats proposes. Une ambiance conviviale et une excellente qualite.', 67, 32),
(355, '2023-03-07', 'J\'ai choisi ce restaurant pour un d?ner romantique, et il a depasse toutes mes attentes. Les plats etaient delicieux, le cadre etait intime, et le personnel a contribue a creer une soiree parfaite.', 193, 70),
(356, '2022-01-15', 'Ce restaurant merite amplement ses eloges. Les saveurs des plats etaient extraordinaires, et le service etait impeccable. C\'est devenu l\'un de mes endroits preferes pour manger.', 97, 64),
(357, '2021-05-09', 'J\'ai eu l\'occasion de deguster un repas vegetarien dans ce restaurant, et j\'ai ete impressionne par la creativite des plats et la fra?cheur des ingredients. Une option fantastique pour les amateurs de cuisine vegetalienne.', 58, 32),
(358, '2021-02-27', 'Le brunch du dimanche dans ce restaurant est un incontournable. Le choix de plats sucres et sales est incroyable, et le personnel est toujours souriant. Une excellente fa?on de commencer la journee.', 162, 86),
(359, '2021-06-16', 'J\'ai celebre un anniversaire dans ce restaurant, et tout etait parfait, de l\'aperitif au dessert. Le g?teau d\'anniversaire personnalise etait une delicate attention. Merci pour cette soiree memorable !', 146, 38),
(360, '2021-03-08', 'Ce restaurant propose une fusion de saveurs surprenante et unique. Chaque plat est une aventure culinaire, et le chef sait comment surprendre les papilles. Une experience gustative exceptionnelle.', 59, 11),
(361, '2021-11-04', 'J\'ai eu le plaisir de d?ner dans ce restaurant hier soir, et je suis encore emerveille par la qualite de la nourriture. Chaque plat etait une explosion de saveurs. Un vrai regal pour les papilles !', 1, 36),
(362, '2023-05-18', 'Ce restaurant offre un excellent rapport qualite-prix. Les portions sont genereuses, et la qualite de la cuisine est indeniable. C\'est devenu notre endroit de predilection pour des repas delicieux a un prix abordable.', 128, 85),
(363, '2022-06-24', 'Le service dans ce restaurant est incomparable. Le personnel est attentionne et competent, ce qui ajoute a l\'experience globale. Nous nous sommes sentis choyes du debut a la fin de notre repas.', 84, 8),
(364, '2021-06-23', 'Ce restaurant propose une selection de vins impressionnante, parfaite pour accompagner les plats delicieux. Les amateurs de vin seront ravis de decouvrir une carte des vins aussi bien elaboree.', 177, 67),
(365, '2023-05-29', 'Je suis un amateur de fruits de mer, et ce restaurant a su combler toutes mes attentes. Les fruits de mer etaient frais et prepares avec soin. Une experience maritime exceptionnelle !', 3, 76),
(366, '2021-05-03', 'J\'ai commande un plat a emporter de ce restaurant, et je n\'aurais pas pu ?tre plus satisfait. La presentation etait parfaite, et la nourriture etait toujours aussi delicieuse, m?me a la maison.', 156, 62),
(367, '2022-10-21', 'Le decor de ce restaurant est a couper le souffle. L\'atmosphere est elegante et apaisante, ce qui en fait l\'endroit ideal pour des repas speciaux et des celebrations.', 27, 26),
(368, '2023-03-16', 'Ce restaurant a une passion evidente pour les produits locaux et de saison. Chaque bouchee etait une ode a la gastronomie locale. Une experience qui met en avant la cuisine regionale.', 112, 23),
(369, '2023-10-28', 'J\'ai ete impressionne par l\'engagement ecologique de ce restaurant. Les efforts en faveur de la durabilite se ressentent dans chaque aspect de l\'experience culinaire. Bravo pour cette approche responsable !', 170, 43),
(370, '2023-07-01', 'Je suis un habitue de ce restaurant, et il ne cesse de me surprendre. Le menu change regulierement, offrant une variete de plats delicieux a chaque visite. Une valeur s?re pour les amateurs de cuisine raffinee.', 122, 48),
(371, '2022-05-22', 'Ce restaurant est une perle rare. La presentation artistique des plats en fait une experience visuelle tout autant que gustative. Un regal pour tous les sens !', 17, 5),
(372, '2023-03-03', 'J\'ai ete agreablement surpris par la diversite du menu. Il y en a pour tous les go?ts, des plats vegetariens aux options pour les amateurs de viande. Un choix incroyable !', 168, 5),
(373, '2020-12-13', 'Le restaurant offre une vue panoramique epoustouflante. C\'est le lieu ideal pour un d?ner romantique avec une vue imprenable sur la ville.', 188, 78),
(374, '2021-11-08', 'Le brunch du dimanche est un incontournable. Les options de petit-dejeuner et de dejeuner sont delicieuses, et les mimosas a volonte ajoutent une touche de luxe.', 101, 36),
(375, '2021-12-22', 'Le personnel du restaurant est exceptionnel. Ils sont attentifs, chaleureux et connaissent parfaitement la carte des vins. Un service de premiere classe.', 103, 27),
(376, '2022-12-25', 'La carte des cocktails est creative et delicieuse. J\'ai go?te des combinaisons de saveurs uniques que je n\'aurais jamais imaginees. Une veritable experience de mixologie.', 64, 98),
(377, '2021-05-12', 'Ce restaurant respecte des normes d\'hygiene strictes, ce qui m\'a mis a l\'aise en ces temps particuliers. La securite des clients est leur priorite.', 174, 44),
(378, '2022-09-06', 'J\'ai celebre un anniversaire ici, et l\'equipe du restaurant a cree une ambiance festive. Les bougies, la musique et le g?teau sur mesure ont rendu la soiree inoubliable.', 27, 40),
(379, '2021-07-19', 'La decoration interieure est a la fois elegante et confortable. C\'est l\'endroit ideal pour se detendre et savourer de delicieux plats.', 20, 78),
(380, '2022-12-27', 'Le restaurant propose une degustation de vins exceptionnelle. Chaque verre est accompagne d\'une explication detaillee, ce qui enrichit l\'experience.', 116, 34),
(381, '0000-00-00', '', 0, 0),
(382, '0000-00-00', '', 0, 0),
(383, '0000-00-00', '', 0, 0),
(384, '0000-00-00', '', 0, 0),
(385, '0000-00-00', '', 0, 0),
(386, '0000-00-00', '', 0, 0),
(387, '0000-00-00', '', 0, 0),
(388, '0000-00-00', '', 0, 0),
(389, '0000-00-00', '', 0, 0),
(390, '0000-00-00', '', 0, 0),
(391, '0000-00-00', '', 0, 0),
(392, '0000-00-00', '', 0, 0),
(393, '0000-00-00', '', 0, 0),
(394, '0000-00-00', '', 0, 0),
(395, '0000-00-00', '', 0, 0),
(396, '0000-00-00', '', 0, 0),
(397, '0000-00-00', '', 0, 0),
(398, '0000-00-00', '', 0, 0),
(399, '0000-00-00', '', 0, 0),
(400, '0000-00-00', '', 0, 0);

-- --------------------------------------------------------

--
-- Structure de la table `individu`
--

CREATE TABLE `individu` (
  `id_individu` int(11) NOT NULL,
  `nom` text NOT NULL,
  `prenom` text NOT NULL,
  `numero_tel` text NOT NULL,
  `role` text NOT NULL,
  `adresse_mail` text NOT NULL,
  `mot_de_passe` text NOT NULL
) ENGINE=InnoDB DEFAULT CHARSET=utf8mb4 COLLATE=utf8mb4_general_ci;

--
-- Déchargement des données de la table `individu`
--

INSERT INTO `individu` (`id_individu`, `nom`, `prenom`, `numero_tel`, `role`, `adresse_mail`, `mot_de_passe`) VALUES
(1, 'Dupont', 'Emma', '678123456', 'restaurateur', 'emma.dupont@email.com', 'P@ss123\r'),
(2, 'Martin', 'Lucas', '709876543', 'restaurateur', 'lucas.martin@email.com', 'Secur1ty\r'),
(3, 'Lefebvre', 'Manon', '698765432', 'restaurateur', 'manon.lefebvre@email.com', '2bSafe!\r'),
(4, 'Dubois', 'Hugo', '671234567', 'restaurateur', 'hugo.dubois@email.com', 'Pa$$w0\r'),
(5, 'Rousseau', 'L?a', '706543210', 'restaurateur', 'l?a.rousseau@email.com', '1234Abcd\r'),
(6, 'Laurent', 'Thomas', '690456789', 'restaurateur', 'thomas.laurent@email.com', '5tar$ecure\r'),
(7, 'Leroy', 'Camille', '701122334', 'restaurateur', 'camille.leroy@email.com', '8L3tM3in\r'),
(8, 'Blanchard', 'Antoine', '678901234', 'restaurateur', 'antoine.blanchard@email.com', '9P@ssMe\r'),
(9, 'Girard', 'Marie', '698765432', 'restaurateur', 'marie.girard@email.com', 'ShortP@ss\r'),
(10, 'Moreau', 'Paul', '702468135', 'restaurateur', 'paul.moreau@email.com', 'Quick123\r'),
(11, 'Mercier', 'Sophie', '678123456', 'restaurateur', 'sophie.mercier@email.com', 'Passw0rD\r'),
(12, 'Roussel', 'Alexandre', '709876543', 'restaurateur', 'alexandre.roussel@email.com', 'L0g1nMe\r'),
(13, 'Leclerc', 'Charlotte', '698765432', 'restaurateur', 'charlotte.leclerc@email.com', '7S3cur3!\r'),
(14, 'Simon', 'Louis', '671234567', 'restaurateur', 'louis.simon@email.com', 'Myp@ss\r'),
(15, 'Petit', 'Mathilde', '706543210', 'restaurateur', 'mathilde.petit@email.com', 'L3tM3In\r'),
(16, 'Martinez', '?douard', '690456789', 'restaurateur', '?douard.martinez@email.com', 'P@ssw0rd\r'),
(17, 'Bertrand', 'Jules', '701122334', 'restaurateur', 'jules.bertrand@email.com', '123Abc!\r'),
(18, 'Gauthier', 'Clara', '678901234', 'restaurateur', 'clara.gauthier@email.com', 'FastP@ss\r'),
(19, 'Dubois', 'Valentin', '698765432', 'restaurateur', 'valentin.dubois@email.com', 'C0d3Me\r'),
(20, 'Dupuis', 'Emma', '702468135', 'restaurateur', 'emma.dupuis@email.com', 'Easy123!\r'),
(21, 'Lambert', 'Gabriel', '675678901', 'restaurateur', 'gabriel.lambert@email.com', '4U2Us3!\r'),
(22, 'Deschamps', 'No?mie', '701234567', 'restaurateur', 'no?mie.deschamps@email.com', 'G3tInNow\r'),
(23, 'Vidal', 'El?onore', '692345678', 'restaurateur', 'el?onore.vidal@email.com', 'Passw0rD1\r'),
(24, 'Renard', 'Maxime', '673456789', 'restaurateur', 'maxime.renard@email.com', 'QuickP@ss\r'),
(25, 'Marchand', 'Chlo?;709876543', 'restaurateur', 'chlo?.marchand@email.com', 'L0gMeIn\r', ''),
(26, 'Giraud', 'Arthur', '694321098', 'restaurateur', 'arthur.giraud@email.com', 'S3cur1ty!\r'),
(27, 'Boucher', 'Margaux', '676543210', 'restaurateur', 'margaux.boucher@email.com', 'Passw0rD2\r'),
(28, 'Fran?ois', 'Adrien', '708765432', 'restaurateur', 'adrien.francois@email.com', 'M3InNow!\r'),
(29, 'Fournier', 'L?o', '695432109', 'restaurateur', 'l?o.fournier@email.com', '1234Me\r'),
(30, 'Caron', 'Ma?lle', '672345678', 'restaurateur', 'ma?lle.caron@email.com', 'MyP@ssw0\r'),
(31, 'Dupr?;Robin', '706543210', 'restaurateur', 'robin.dupr?@email.com', 'Secur3Me!\r', ''),
(32, 'Martin', 'Lisa', '691234567', 'restaurateur', 'lisa.martin@email.com', '1nMyP@ss\r'),
(33, 'Chevalier', 'Eliott', '678901234', 'restaurateur', 'eliott.chevalier@email.com', '123Easy!\r'),
(34, 'Dufour', 'Jade', '700987654', 'restaurateur', 'jade.dufour@email.com', 'L3tMeIn1\r'),
(35, 'Lemoine', 'Antonin', '694321098', 'restaurateur', 'antonin.lemoine@email.com', 'Quick1234\r'),
(36, 'Roche', 'Salom?;676543210', 'restaurateur', 'salom?.roche@email.com', 'G3tS3cur3\r', ''),
(37, 'Perrin', 'Tom', '708765432', 'restaurateur', 'tom.perrin@email.com', 'FastP@ss1\r'),
(38, 'Durand', 'Eva', '695432109', 'restaurateur', 'eva.durand@email.com', 'S3cur1ty2\r'),
(39, 'Henry', 'Nathan', '672345678', 'restaurateur', 'nathan.henry@email.com', '2bSaf3Now\r'),
(40, 'Roy', 'C?lia', '706543210', 'restaurateur', 'cecilia.roy@email.com', 'C0d3MeIn\r'),
(41, 'Bonnet', 'Th?o', '691234567', 'restaurateur', 'th?o.bonnet@email.com', 'P@ssw0rd3\r'),
(42, 'Robin', 'Juliette', '678901234', 'restaurateur', 'juliette.robin@email.com', 'PassMeIn!\r'),
(43, 'Giroux', 'Margot', '700987654', 'restaurateur', 'margot.giroux@email.com', '123C0d3\r'),
(44, 'Lambert', 'Thibault', '694321098', 'restaurateur', 'thibault.lambert@email.com', 'MyP@ssw0rD\r'),
(45, 'Leroux', 'Sarah', '676543210', 'restaurateur', 'sarah.leroux@email.com', 'L3tMeIn2\r'),
(46, 'G?rard', 'Zo?;708765432', 'restaurateur', 'zo?.g?rard@email.com', '4U2Us3Now\r', ''),
(47, 'Lef?vre', 'Tom', '695432109', 'restaurateur', 'tom.lefevre@email.com', 'G3tInFast\r'),
(48, 'Dubois', 'Oc?ane', '672345678', 'restaurateur', 'oc?ane.dubois@email.com', 'QuickP@ss1\r'),
(49, 'Morel', 'Valentin', '706543210', 'restaurateur', 'valentin.morel@email.com', 'Secur3MeIn\r'),
(50, 'Barbier', 'Simon', '691234567', 'restaurateur', 'simon.barbier@email.com', 'Passw0rD4\r'),
(51, 'Vincent', 'Elsa', '678901234', 'restaurateur', 'elsa.vincent@email.com', 'L0gMeIn1\r'),
(52, 'Laurent', 'L?na', '700987654', 'restaurateur', 'l?na.laurent@email.com', 'Easy12345\r'),
(53, 'Marchand', 'L?o', '694321098', 'restaurateur', 'l?o.marchand@email.com', 'M3InNow1\r'),
(54, 'Guillaume', 'Louise', '676543210', 'restaurateur', 'louise.guillaume@email.com', 'S3cur1ty3\r'),
(55, 'Denis', 'Romain', '708765432', 'restaurateur', 'romain.denis@email.com', 'P@ssw0rd5\r'),
(56, 'Picard', 'Lou', '695432109', 'restaurateur', 'lou.guillaume@email.com', 'MyP@ssw0rD1\r'),
(57, 'Renard', 'Baptiste', '672345678', 'restaurateur', 'baptiste.robin@email.com', '123Quick!\r'),
(58, 'Simon', 'Axel', '706543210', 'restaurateur', 'axel.simon@email.com', 'FastP@ss2\r'),
(59, 'Thierry', 'Lilou', '691234567', 'restaurateur', 'lilou.thierry@email.com', '1nMyP@ss1\r'),
(60, 'Brun', 'Lo?c', '678901234', 'restaurateur', 'lo?c.brun@email.com', 'G3tS3cur3!\r'),
(61, 'Besson', 'Ma?lys', '678901234', 'restaurateur', 'ma?lys.besson@email.com', 'Passw0rD6\r'),
(62, 'Mercier', 'Bastien', '700987654', 'restaurateur', 'bastien.mercier@email.com', '1234C0d3\r'),
(63, 'Dupont', 'Gabin', '694321098', 'restaurateur', 'gabin.dupont@email.com', 'C0d3MeNow\r'),
(64, 'Laurent', 'Cl?mentine', '676543210', 'restaurateur', 'cl?mentine.laurent@email.com', 'Secur3Now!\r'),
(65, 'Marchand', 'Kylian', '708765432', 'restaurateur', 'kylian.marchand@email.com', 'Quick12345\r'),
(66, 'Brunet', 'Ana?s', '695432109', 'restaurateur', 'ana?s.brunet@email.com', 'P@ssw0rd7\r'),
(67, 'Dubois', 'No?;672345678', 'restaurateur', 'no?.dubois@email.com', 'M3InNow2\r', ''),
(68, 'Dufresne', 'Louna', '706543210', 'restaurateur', 'louna.dufresne@email.com', '4U2Us3Fast\r'),
(69, 'Lemaire', 'Thibault', '691234567', 'restaurateur', 'thibault.lemaire@email.com', 'MyP@ssw0rD2\r'),
(70, 'Faure', 'Sarah', '678901234', 'restaurateur', 'sarah.faure@email.com', 'L3tMeIn3\r'),
(71, 'Morin', 'Enzo', '700987654', 'restaurateur', 'enzo.morin@email.com', 'Easy1234!\r'),
(72, 'Barbier', 'Lucie', '694321098', 'restaurateur', 'lucie.barbier@email.com', 'Passw0rD8\r'),
(73, 'Perrin', 'Mat?o', '676543210', 'restaurateur', 'mat?o.perrin@email.com', 'S3cur1ty4\r'),
(74, 'Leclercq', 'M?lissa', '708765432', 'restaurateur', 'm?lissa.leclercq@email.com', 'G3tInFast1\r'),
(75, 'Roche', 'R?mi', '695432109', 'restaurateur', 'r?mi.roche@email.com', 'QuickP@ss2\r'),
(76, 'Blanchard', 'Marine', '672345678', 'restaurateur', 'marine.blanchard@email.com', '123C0d3Now\r'),
(77, 'Gauthier', 'Nicolas', '706543210', 'restaurateur', 'nicolas.gauthier@email.com', 'MyP@ssw0rD3\r'),
(78, 'Dupr?;Marion', '691234567', 'restaurateur', 'marion.dupr?@email.com', '1nMyP@ss2\r', ''),
(79, 'Petit', 'Kevin', '678901234', 'restaurateur', 'kevin.petit@email.com', 'Passw0rD9\r'),
(80, 'Faure', 'Laurine', '700987654', 'restaurateur', 'laurine.faure@email.com', 'L0gMeIn2\r'),
(81, 'Martinez', 'Florent', '694321098', 'restaurateur', 'florent.martinez@email.com', 'S3cur3Now!\r'),
(82, 'Leroy', 'Justine', '676543210', 'restaurateur', 'justine.leroy@email.com', 'FastP@ss3\r'),
(83, 'Bonnet', 'Quentin', '708765432', 'restaurateur', 'quentin.bonnet@email.com', '1234Easy\r'),
(84, 'Deschamps', 'Laura', '695432109', 'restaurateur', 'laura.chevalier@email.com', 'P@ssMeNow!\r'),
(85, 'Martin', 'Jordan', '672345678', 'restaurateur', 'jordan.martin@email.com', 'M3InNow3\r'),
(86, 'Renault', 'Oph?lie', '706543210', 'restaurateur', 'oph?lie.renault@email.com', 'Secur1ty5\r'),
(87, 'Renard', 'Alexandre', '691234567', 'restaurateur', 'alexandre.renard@email.com', 'G3tS3cur3Now\r'),
(88, 'Lemoine', 'Marion', '678901234', 'restaurateur', 'marion.lemoine@email.com', '4U2Us3Now1\r'),
(89, 'Marchand', 'Rapha?l', '700987654', 'restaurateur', 'rapha?l.marchand@email.com', 'Quick1234!\r'),
(90, 'Brunet', 'Coralie', '694321098', 'restaurateur', 'coralie.brunet@email.com', 'C0d3MeFast\r'),
(91, 'Lambert', 'Olivier', '676543210', 'restaurateur', 'olivier.lambert@email.com', 'MyP@ssw0rD4\r'),
(92, 'Picard', 'Jennifer', '708765432', 'restaurateur', 'jennifer.picard@email.com', 'L3tMeIn4\r'),
(93, 'Mercier', 'Dylan', '695432109', 'restaurateur', 'dylan.mercier@email.com', 'P@ssw0rd10\r'),
(94, 'Dupr?;Lucile', '672345678', 'restaurateur', 'lucile.dupr?@email.com', 'Easy12345!\r', ''),
(95, 'Morel', 'Julien', '706543210', 'restaurateur', 'julien.morel@email.com', '123QuickNow\r'),
(96, 'Renault', 'Fanny', '691234567', 'restaurateur', 'fanny.renault@email.com', 'M3InNow4\r'),
(97, 'Lef?vre', 'Guillaume', '678901234', 'restaurateur', 'guillaume.lef?vre@email.com', 'L0gMeIn3\r'),
(98, 'Gu?rin', 'C?line', '700987654', 'restaurateur', 'celine.guerin@email.com', 'Passw0rD11\r'),
(99, 'Adam', 'Thomas', '694321098', 'restaurateur', 'thomas.adam@email.com', 'Secur3Fast!\r'),
(100, 'Giraud', 'Laura', '676543210', 'restaurateur', 'laura.giraud@email.com', 'FastP@ss4\r'),
(101, 'Robert', 'Vincent', '708765432', 'utilisateur', 'vincent.robert@email.com', 'G3tInNow1\r'),
(102, 'Henry', 'Alice', '695432109', 'utilisateur', 'alice.henry@email.com', 'QuickP@ss3\r'),
(103, 'Lecomte', 'Kevin', '672345678', 'utilisateur', 'kevin.lecomte@email.com', '1234C0d3Fast\r'),
(104, 'Roux', 'Emilie', '706543210', 'utilisateur', 'emilie.roux@email.com', 'M3InNow5\r'),
(105, 'Boyer', 'Antoine', '691234567', 'utilisateur', 'antoine.boyer@email.com', 'MyP@ssw0rD5\r'),
(106, 'Richard', 'M?lanie', '678901234', 'utilisateur', 'm?lanie.richard@email.com', 'S3cur1ty6\r'),
(107, 'Petit', 'S?bastien', '700987654', 'utilisateur', 's?bastien.petit@email.com', 'P@ssw0rd12\r'),
(108, 'Durand', 'Amandine', '694321098', 'utilisateur', 'amandine.durand@email.com', 'PassMeNow1\r'),
(109, 'Lemoine', 'Maxime', '676543210', 'utilisateur', 'maxime.lemoine@email.com', 'Quick12345!\r'),
(110, 'Dupuy', 'Laetitia', '708765432', 'utilisateur', 'laetitia.dupuy@email.com', '4U2Us3Now2\r'),
(111, 'Brun', 'Julien', '678901234', 'utilisateur', 'julien.brun@email.com', 'L3tMeIn5\r'),
(112, 'David', 'H?l?ne', '700987654', 'utilisateur', 'h?l?ne.david@email.com', 'Easy12345!!\r'),
(113, 'Lambert', 'Sylvain', '694321098', 'utilisateur', 'sylvain.lambert@email.com', 'G3tS3cur3Now1\r'),
(114, 'Vasseur', 'Aurore', '676543210', 'utilisateur', 'aurore.vasseur@email.com', 'C0d3MeNow1\r'),
(115, 'Lemaitre', 'Fran?ois', '708765432', 'utilisateur', 'fran?ois.lemaitre@email.com', '123QuickNow!\r'),
(116, 'Lefevre', 'Cl?mence', '695432109', 'utilisateur', 'cl?mence.lefevre@email.com', 'MyP@ssw0rD6\r'),
(117, 'Da Silva', 'Nicolas', '672345678', 'utilisateur', 'nicolas.da.silva@email.com', 'M3InNow6\r'),
(118, 'Picard', 'Marion', '706543210', 'utilisateur', 'marion.picard@email.com', 'S3cur1ty7\r'),
(119, 'Lopez', 'Pierre', '691234567', 'utilisateur', 'pierre.lopez@email.com', 'L0gMeIn4\r'),
(120, 'Mercier', 'Emilie', '678901234', 'utilisateur', 'emilie.mercier@email.com', 'QuickP@ss4\r'),
(121, 'Roche', 'Mathieu', '700987654', 'utilisateur', 'mathieu.roche@email.com', '1234EasyFast\r'),
(122, 'Pierre', 'Delphine', '694321098', 'utilisateur', 'delphine.pierre@email.com', 'Passw0rD13\r'),
(123, 'Colin', 'David', '676543210', 'utilisateur', 'david.colin@email.com', 'MyP@ssw0rD7\r'),
(124, 'Renard', 'St?phanie', '708765432', 'utilisateur', 'st?phanie.renard@email.com', 'FastP@ss5\r'),
(125, 'Poirier', 'Thibaut', '695432109', 'utilisateur', 'thibaut.poirier@email.com', 'G3tInNow2\r'),
(126, 'Gaillard', 'Pauline', '672345678', 'utilisateur', 'pauline.gaillard@email.com', 'Secur3Fast!\r'),
(127, 'Meyer', 'Th?o', '706543210', 'utilisateur', 'th?o.meyer@email.com', 'Quick12345!!\r'),
(128, 'Brunet', 'Audrey', '691234567', 'utilisateur', 'audrey.brunet@email.com', 'M3InNow7\r'),
(129, 'Roger', 'Valentin', '678901234', 'utilisateur', 'valentin.roger@email.com', 'P@ssw0rd14\r'),
(130, 'Muller', 'Vanessa', '700987654', 'utilisateur', 'vanessa.muller@email.com', '4U2Us3Now3\r'),
(131, 'Rolland', 'Lucas', '694321098', 'utilisateur', 'lucas.rolland@email.com', 'Easy12345!!!\r'),
(132, 'Sanchez', 'Laura', '676543210', 'utilisateur', 'laura.sanchez@email.com', 'L3tMeIn6\r'),
(133, 'Denis', 'Alex', '708765432', 'utilisateur', 'alex.denis@email.com', 'Passw0rD15\r'),
(134, 'Lemoine', 'Audrey', '695432109', 'utilisateur', 'audrey.lemoine@email.com', 'MyP@ssw0rD8\r'),
(135, 'Boucher', 'Romain', '672345678', 'utilisateur', 'romain.boucher@email.com', 'QuickP@ss5\r'),
(136, 'Dupuis', 'Sandrine', '706543210', 'utilisateur', 'sandrine.dupuis@email.com', '123C0d3Fast1\r'),
(137, 'Fournier', 'Jordan', '691234567', 'utilisateur', 'jordan.fournier@email.com', 'S3cur1ty8\r'),
(138, 'Lambert', 'Ma?va', '678901234', 'utilisateur', 'ma?va.lambert@email.com', 'M3InNow8\r'),
(139, 'Morin', 'Morgan', '700987654', 'utilisateur', 'morgan.morin@email.com', 'G3tS3cur3Now2\r'),
(140, 'Renault', 'L?a', '694321098', 'utilisateur', 'l?a.renault@email.com', 'L0gMeIn5\r'),
(141, 'Lefevre', 'Bryan', '676543210', 'utilisateur', 'bryan.lefevre@email.com', 'P@ssw0rd16\r'),
(142, 'Bernard', 'Mathilde', '708765432', 'utilisateur', 'mathilde.bernard@email.com', '123QuickNow!\r'),
(143, 'Morel', 'Dylan', '695432109', 'utilisateur', 'dylan.morel@email.com', '4U2Us3Now4\r'),
(144, 'Petit', 'Alison', '672345678', 'utilisateur', 'julien.petit@email.com', 'MyP@ssw0rD9\r'),
(145, 'Dufour', 'Julien', '706543210', 'utilisateur', 'st?phanie.ferrand@email.com', 'Quick12345!!!\r'),
(146, 'Ferrand', 'St?phanie', '691234567', 'utilisateur', 'r?mi.girard@email.com', 'L3tMeIn7\r'),
(147, 'Girard', 'R?mi', '678901234', 'utilisateur', 'aur?lie.robin@email.com', 'Passw0rD17\r'),
(148, 'Robin', 'Aur?lie', '700987654', 'utilisateur', 'cl?ment.peltier@email.com', 'S3cur1ty9\r'),
(149, 'Peltier', 'Cl?ment', '694321098', 'utilisateur', 'jennifer.fernandez@email.com', 'G3tInNow3\r'),
(150, 'Fernandez', 'Jennifer', '676543210', 'utilisateur', 'victor.leclerc@email.com', 'M3InNow9\r'),
(151, 'Leclerc', 'Victor', '708765432', 'utilisateur', 'manon.barbier@email.com', '123QuickNow!!\r'),
(152, 'Barbier', 'Manon', '695432109', 'utilisateur', 'mathis.marchand@email.com', 'FastP@ss6\r'),
(153, 'Marchand', 'Mathis', '672345678', 'utilisateur', 'amandine.gauthier@email.com', 'QuickP@ss6\r'),
(154, 'Gauthier', 'Amandine', '706543210', 'utilisateur', 'baptiste.andre@email.com', '4U2Us3Now5\r'),
(155, 'Andre', 'Baptiste', '691234567', 'utilisateur', 'thibault.renard@email.com', 'Passw0rD18\r'),
(156, 'Dumont', 'Morgane', '678901234', 'utilisateur', 'lucie.prevost@email.com', 'S3cur3Fast!\r'),
(157, 'Renard', 'Thibault', '700987654', 'utilisateur', 'rapha?l.masson@email.com', 'MyP@ssw0rD10\r'),
(158, 'Prevost', 'Lucie', '694321098', 'utilisateur', 'lisa.garnier@email.com', 'M3InNow10\r'),
(159, 'Masson', 'Rapha?l', '676543210', 'utilisateur', 'alexis.dumas@email.com', 'G3tS3cur3Now3\r'),
(160, 'Garnier', 'Lisa', '708765432', 'utilisateur', 'elodie.nicolas@email.com', 'Quick12345!!!!\r'),
(161, 'Dumas', 'Alexis', '678123456', 'utilisateur', 'maxime.roussel@email.com', '123C0d3Fast2\r'),
(162, 'Nicolas', 'Elodie', '709876543', 'utilisateur', 'm?lanie.dubois@email.com', 'L3tMeIn8\r'),
(163, 'Roussel', 'Maxime', '698765432', 'utilisateur', 'lucas.leroux@email.com', 'Passw0rD19\r'),
(164, 'Dubois', 'M?lanie', '671234567', 'utilisateur', 'tiffany.lacroix@email.com', '4U2Us3Now6\r'),
(165, 'Leroux', 'Lucas', '706543210', 'utilisateur', 'quentin.vidal@email.com', 'MyP@ssw0rD11\r'),
(166, 'Lacroix', 'Tiffany', '690456789', 'utilisateur', 'el?onore.bertrand@email.com', 'S3cur1ty10\r'),
(167, 'Vidal', 'Quentin', '701122334', 'utilisateur', 'lucile.leroy@email.com', 'QuickP@ss7\r'),
(168, 'Bertrand', 'El?onore', '678901234', 'utilisateur', 'valentin.blanchard@email.com', 'M3InNow11\r'),
(169, 'Leroy', 'Jules', '698765432', 'utilisateur', 'c?cile.guillaume@email.com', 'G3tInNow4\r'),
(170, 'Blanchard', 'Lucile', '702468135', 'utilisateur', 'cl?ment.g?rard@email.com', '123QuickNow!!!\r'),
(171, 'Lefebvre', 'Valentin', '675678901', 'utilisateur', 'louna.morin@email.com', 'FastP@ss7\r'),
(172, 'Guillaume', 'C?cile', '701234567', 'utilisateur', 'yanis.deschamps@email.com', 'QuickP@ss8\r'),
(173, 'G?rard', 'Cl?ment', '692345678', 'utilisateur', 'nina.moreau@email.com', '4U2Us3Now7\r'),
(174, 'Morin', 'Louna', '673456789', 'utilisateur', 'alexis.dupuy@email.com', 'Passw0rD20\r'),
(175, 'Deschamps', 'Yanis', '709876543', 'utilisateur', 'johanna.perrin@email.com', 'S3cur3Now!\r'),
(176, 'Moreau', 'Nina', '694321098', 'utilisateur', 'evan.caron@email.com', 'MyP@ssw0rD12\r'),
(177, 'Dupuy', 'Alexis', '676543210', 'utilisateur', 'charlotte.dupr?@email.com', 'Quick12345!!!!!\r'),
(178, 'Perrin', 'Johanna', '708765432', 'utilisateur', 'robin.martin@email.com', 'M3InNow12\r'),
(179, 'Caron', 'Evan', '695432109', 'utilisateur', 'carla.chevalier@email.com', '123C0d3Fast3\r'),
(180, 'Dupr?;Charlotte', '672345678', 'utilisateur', 'axel.marchand@email.com', 'G3tS3cur3Now4\r', ''),
(181, 'Martin', 'Robin', '706543210', 'utilisateur', 'l?na.bonnet@email.com', 'QuickP@ss9\r'),
(182, 'Chevalier', 'Carla', '691234567', 'utilisateur', 'hugo.rousseau@email.com', 'L3tMeIn9\r'),
(183, 'Marchand', 'Axel', '678901234', 'utilisateur', 'alice.henry@email.com', 'Passw0rD21\r'),
(184, 'Bonnet', 'L?na', '700987654', 'utilisateur', 'l?o.roux@email.com', '4U2Us3Now8\r'),
(185, 'Rousseau', 'Hugo', '694321098', 'utilisateur', 'ma?lle.besson@email.com', 'S3cur1ty11\r'),
(186, 'Henry', 'Alice', '676543210', 'utilisateur', 'enzo.denis@email.com', 'M3InNow13\r'),
(187, 'Roux', 'L?o', '708765432', 'utilisateur', 'zo?.simon@email.com', 'Quick12345!!!!!!\r'),
(188, 'Besson', 'Ma?lle', '695432109', 'utilisateur', 'evan.faure@email.com', 'FastP@ss8\r'),
(189, 'Denis', 'Enzo', '672345678', 'utilisateur', 'louane.vincent@email.com', 'QuickP@ss10\r'),
(190, 'Simon', 'Zo?;706543210', 'utilisateur', 'maxime.lambert@email.com', '4U2Us3Now9\r', ''),
(191, 'Faure', 'Evan', '691234567', 'utilisateur', 'lina.roche@email.com', 'S3cur3Now!!\r'),
(192, 'Vincent', 'Louane', '678901234', 'utilisateur', 'hugo.renault@email.com', 'MyP@ssw0rD13\r'),
(193, 'Lambert', 'Maxime', '700987654', 'utilisateur', 'amandine.dupr?@email.com', 'Quick12345!!!!!!!\r'),
(194, 'Roche', 'Lina', '694321098', 'utilisateur', 'quentin.laurent@email.com', 'M3InNow14\r'),
(195, 'Renault', 'Hugo', '676543210', 'utilisateur', 'elsa.marchand@email.com', 'Passw0rD22\r'),
(196, 'Dupr?;Amandine', '708765432', 'utilisateur', 'lucas.boucher@email.com', 'L3tMeIn10\r', ''),
(197, 'Laurent', 'Quentin', '695432109', 'utilisateur', 'romane.dubois@email.com', 'G3tS3cur3Now5\r'),
(198, 'Marchand', 'Elsa', '672345678', 'utilisateur', 'elsa.marchand@email.com', '123C0d3Fast4\r'),
(199, 'Boucher', 'Lucas', '706543210', 'utilisateur', 'lucas.boucher@email.com', 'QuickP@ss11\r'),
(200, 'Dubois', 'Romane', '691234567', 'utilisateur', 'romane.dubois@email.com', '4U2Us3Now10\r');

-- --------------------------------------------------------

--
-- Structure de la table `reservation`
--

CREATE TABLE `reservation` (
  `id_reservation` int(11) NOT NULL,
  `date_heure` datetime NOT NULL,
  `nb_personne` int(11) NOT NULL,
  `id_individu` int(11) NOT NULL,
  `id_restaurant` int(11) NOT NULL
) ENGINE=InnoDB DEFAULT CHARSET=utf8mb4 COLLATE=utf8mb4_general_ci;

--
-- Déchargement des données de la table `reservation`
--

INSERT INTO `reservation` (`id_reservation`, `date_heure`, `nb_personne`, `id_individu`, `id_restaurant`) VALUES
(1, '2021-06-10 02:58:29', 2, 50, 23),
(2, '2021-10-06 22:40:14', 4, 52, 30),
(3, '2022-04-07 10:06:25', 6, 168, 50),
(4, '2020-10-31 13:38:31', 1, 105, 46),
(5, '2021-03-17 21:35:20', 10, 73, 45),
(6, '2022-05-19 16:57:01', 5, 158, 48),
(7, '2020-10-02 10:19:24', 7, 190, 45),
(8, '2020-10-03 05:07:15', 1, 140, 33),
(9, '2022-08-18 21:47:54', 1, 168, 84),
(10, '2021-01-03 21:37:15', 5, 88, 15),
(11, '2022-10-30 19:23:54', 6, 168, 5),
(12, '2022-09-08 13:02:03', 6, 146, 58),
(13, '2023-01-17 21:18:10', 8, 105, 7),
(14, '2022-11-22 15:13:36', 7, 26, 23),
(15, '2020-10-26 15:34:14', 8, 129, 49),
(16, '2021-04-04 20:11:59', 6, 5, 92),
(17, '2020-02-12 15:44:23', 1, 74, 21),
(18, '2023-05-06 13:23:16', 11, 44, 91),
(19, '2022-10-08 19:32:31', 7, 133, 79),
(20, '2021-09-15 09:26:23', 12, 143, 8),
(21, '2020-10-18 17:12:08', 7, 128, 49),
(22, '2021-02-08 15:26:25', 3, 180, 30),
(23, '2021-11-30 15:13:14', 4, 89, 91),
(24, '2021-04-04 05:37:40', 1, 149, 5),
(25, '2021-07-04 15:59:15', 11, 19, 88),
(26, '2020-04-05 08:08:31', 2, 75, 21),
(27, '2023-10-09 13:31:37', 12, 131, 61),
(28, '2020-01-09 14:23:14', 1, 121, 84),
(29, '2022-06-29 20:28:36', 7, 132, 94),
(30, '2020-06-23 18:11:08', 12, 192, 61),
(31, '2023-07-21 22:57:18', 2, 155, 76),
(32, '2021-01-09 03:19:10', 11, 65, 98),
(33, '2021-10-21 11:25:03', 8, 7, 36),
(34, '2023-05-13 22:29:13', 3, 99, 95),
(35, '2023-09-14 04:28:24', 3, 163, 38),
(36, '2022-08-25 01:30:32', 3, 195, 73),
(37, '2022-11-12 16:34:54', 12, 145, 76),
(38, '2022-07-21 05:15:07', 12, 87, 42),
(39, '2021-06-27 16:00:11', 1, 96, 57),
(40, '2022-07-04 05:35:33', 8, 79, 9),
(41, '2020-03-07 08:11:05', 1, 133, 57),
(42, '2022-07-02 05:45:25', 9, 69, 8),
(43, '2021-08-24 06:05:46', 12, 30, 29),
(44, '2021-04-22 01:01:30', 8, 150, 33),
(45, '2022-04-26 10:45:53', 3, 92, 99),
(46, '2020-09-06 02:28:29', 8, 29, 63),
(47, '2020-05-30 16:34:34', 8, 10, 11),
(48, '2023-05-06 15:25:43', 11, 102, 65),
(49, '2022-08-18 12:26:15', 12, 161, 42),
(50, '2022-09-08 06:11:46', 8, 131, 66),
(51, '2020-04-21 16:30:23', 9, 148, 58),
(52, '2023-12-09 08:52:42', 3, 130, 55),
(53, '2021-04-09 08:30:57', 10, 43, 49),
(54, '2021-08-03 20:07:56', 9, 118, 77),
(55, '2022-08-09 12:02:50', 12, 114, 3),
(56, '2021-09-11 04:02:28', 11, 29, 99),
(57, '2020-04-22 10:50:10', 2, 23, 92),
(58, '2022-02-23 08:41:58', 10, 37, 34),
(59, '2021-03-16 03:48:01', 11, 36, 83),
(60, '2020-12-11 06:58:17', 4, 55, 5),
(61, '2023-03-15 16:01:50', 9, 44, 11),
(62, '2021-07-17 12:56:24', 3, 142, 9),
(63, '2023-01-24 09:42:40', 6, 167, 71),
(64, '2020-10-03 09:40:36', 3, 95, 73),
(65, '2023-01-17 12:01:57', 2, 7, 65),
(66, '2021-12-30 05:02:15', 6, 51, 37),
(67, '2023-12-16 21:16:51', 11, 191, 99),
(68, '2023-04-26 19:03:59', 12, 12, 73),
(69, '2021-01-30 15:59:26', 5, 167, 16),
(70, '2022-03-07 17:23:30', 5, 176, 74),
(71, '2023-03-09 13:14:11', 6, 47, 63),
(72, '2023-08-02 20:47:10', 8, 27, 86),
(73, '2023-10-18 06:46:13', 1, 132, 86),
(74, '2020-10-24 00:06:34', 8, 186, 40),
(75, '2023-10-06 03:46:00', 5, 170, 8),
(76, '2020-07-20 05:39:50', 4, 100, 46),
(77, '2021-12-11 06:13:07', 8, 115, 43),
(78, '2020-06-16 11:55:57', 10, 95, 52),
(79, '2021-12-23 17:25:10', 2, 85, 18),
(80, '2023-02-24 20:27:12', 12, 74, 49),
(81, '2022-02-20 17:51:56', 11, 192, 69),
(82, '2022-07-11 03:02:49', 3, 117, 26),
(83, '2021-09-21 13:38:11', 10, 200, 39),
(84, '2023-10-17 20:14:02', 1, 1, 82),
(85, '2022-07-13 22:41:34', 6, 58, 54),
(86, '2020-07-12 17:48:10', 2, 114, 98),
(87, '2020-09-11 08:42:57', 7, 76, 95),
(88, '2023-07-13 17:27:24', 2, 16, 45),
(89, '2021-06-15 05:33:12', 2, 165, 65),
(90, '2021-09-07 18:54:19', 3, 126, 17),
(91, '2021-04-02 09:14:56', 3, 81, 22),
(92, '2023-07-14 20:39:58', 7, 104, 80),
(93, '2020-07-04 14:30:47', 1, 74, 29),
(94, '2021-01-24 05:03:05', 2, 67, 18),
(95, '2021-05-02 12:54:21', 8, 26, 52),
(96, '2022-09-29 21:54:51', 6, 126, 90),
(97, '2020-11-15 10:12:51', 5, 82, 51),
(98, '2021-03-20 08:15:42', 6, 65, 95),
(99, '2023-01-21 23:49:30', 12, 193, 70),
(100, '2021-04-09 01:46:06', 8, 80, 70),
(101, '2022-12-19 20:25:48', 11, 132, 30),
(102, '2022-02-06 14:03:27', 5, 133, 55),
(103, '2021-12-28 23:47:30', 7, 52, 34),
(104, '2022-09-11 01:28:44', 3, 43, 20),
(105, '2020-03-09 15:18:51', 8, 55, 86),
(106, '2021-03-08 22:42:52', 1, 188, 99),
(107, '2022-07-22 20:18:44', 10, 80, 29),
(108, '2023-06-27 02:32:44', 1, 39, 53),
(109, '2020-06-03 14:38:51', 9, 197, 19),
(110, '2021-04-05 16:30:05', 6, 133, 64),
(111, '2023-06-04 15:57:17', 5, 32, 73),
(112, '2022-07-29 21:48:07', 11, 80, 26),
(113, '2022-09-30 02:23:07', 1, 28, 54),
(114, '2020-01-13 10:09:59', 6, 41, 40),
(115, '2022-03-16 17:50:30', 12, 148, 90),
(116, '2023-10-16 23:29:06', 4, 148, 45),
(117, '2022-01-09 01:37:14', 1, 17, 19),
(118, '2023-11-13 03:19:24', 4, 142, 50),
(119, '2023-07-15 18:58:09', 6, 94, 45),
(120, '2021-05-25 23:24:41', 11, 130, 30),
(121, '2022-06-26 21:15:32', 11, 143, 67),
(122, '2021-03-31 15:31:41', 4, 62, 88),
(123, '2022-10-19 15:13:17', 5, 114, 79),
(124, '2023-10-21 16:45:51', 9, 108, 84),
(125, '2023-10-05 19:13:41', 7, 190, 85),
(126, '2021-02-27 00:14:00', 12, 133, 21),
(127, '2022-01-29 01:14:23', 4, 178, 33),
(128, '2022-04-22 16:20:18', 1, 56, 69),
(129, '2021-11-30 16:06:13', 5, 126, 48),
(130, '2022-02-07 23:24:05', 9, 193, 23),
(131, '2021-06-22 03:06:07', 5, 143, 25),
(132, '2023-10-18 12:32:01', 5, 13, 50),
(133, '2023-11-20 19:32:39', 7, 105, 23),
(134, '2021-01-27 10:20:18', 5, 62, 77),
(135, '2023-03-09 02:02:29', 3, 109, 100),
(136, '2023-09-09 22:21:30', 2, 137, 99),
(137, '2021-04-12 19:37:08', 6, 12, 42),
(138, '2022-07-18 11:56:42', 4, 190, 94),
(139, '2020-02-26 22:50:52', 8, 153, 27),
(140, '2022-02-10 21:52:54', 9, 191, 67),
(141, '2022-08-31 07:15:09', 6, 118, 17),
(142, '2023-06-30 13:31:54', 1, 100, 66),
(143, '2021-09-13 20:43:58', 5, 81, 80),
(144, '2023-10-13 10:31:59', 2, 160, 73),
(145, '2021-02-18 18:14:31', 6, 167, 21),
(146, '2021-04-05 08:50:22', 11, 92, 71),
(147, '2021-02-05 10:05:11', 8, 188, 43),
(148, '2023-04-06 16:13:27', 3, 51, 20),
(149, '2021-11-20 08:22:36', 1, 152, 17),
(150, '2022-09-18 22:56:35', 11, 88, 8),
(151, '2021-05-20 08:50:04', 12, 68, 4),
(152, '2022-07-26 14:24:47', 2, 119, 33),
(153, '2020-11-25 03:51:29', 2, 97, 65),
(154, '2023-04-06 03:01:37', 11, 199, 83),
(155, '2020-08-26 16:42:21', 10, 142, 53),
(156, '2022-12-17 17:47:32', 7, 63, 16),
(157, '2021-10-16 05:37:22', 9, 35, 44),
(158, '2020-03-02 11:29:07', 8, 76, 68),
(159, '2020-01-27 06:57:57', 3, 185, 91),
(160, '2023-06-04 22:10:24', 10, 68, 61),
(161, '2023-07-01 20:04:19', 5, 6, 37),
(162, '2020-02-08 18:48:22', 5, 47, 95),
(163, '2020-02-17 16:06:01', 2, 92, 64),
(164, '2023-02-06 02:58:28', 1, 58, 36),
(165, '2022-05-02 01:02:56', 2, 186, 56),
(166, '2022-10-21 16:14:10', 4, 105, 51),
(167, '2022-08-30 16:14:59', 4, 116, 38),
(168, '2023-09-19 11:21:12', 6, 130, 38),
(169, '2021-10-01 04:40:51', 1, 90, 19),
(170, '2023-11-08 14:33:18', 2, 28, 17),
(171, '2023-10-02 01:12:12', 6, 41, 43),
(172, '2020-12-03 14:45:48', 1, 14, 93),
(173, '2020-01-22 05:24:02', 6, 119, 92),
(174, '2020-02-07 04:50:32', 2, 6, 56),
(175, '2021-08-09 05:11:05', 6, 117, 6),
(176, '2021-04-22 12:22:03', 2, 132, 53),
(177, '2023-12-25 01:31:34', 5, 88, 73),
(178, '2020-07-14 23:20:28', 12, 57, 98),
(179, '2022-11-11 15:08:59', 9, 93, 4),
(180, '2020-08-09 06:13:48', 9, 96, 77),
(181, '2023-02-07 18:25:00', 5, 25, 52),
(182, '2020-11-19 06:51:44', 11, 2, 41),
(183, '2022-10-31 03:30:30', 3, 180, 53),
(184, '2023-11-26 07:11:08', 7, 121, 34),
(185, '2023-12-07 05:51:58', 8, 109, 36),
(186, '2022-03-20 11:59:03', 6, 179, 55),
(187, '2021-03-01 06:29:08', 4, 33, 100),
(188, '2022-07-26 12:34:14', 8, 162, 73),
(189, '2021-12-12 04:29:21', 5, 44, 66),
(190, '2022-02-25 14:20:05', 1, 197, 65),
(191, '2021-04-13 03:50:04', 7, 10, 77),
(192, '2021-06-25 01:28:57', 7, 150, 63),
(193, '2022-10-09 19:22:22', 12, 182, 74),
(194, '2023-02-10 05:50:29', 12, 68, 17),
(195, '2021-08-24 01:28:34', 1, 87, 29),
(196, '2020-05-26 11:10:29', 1, 136, 27),
(197, '2023-04-26 12:16:55', 1, 61, 58),
(198, '2020-03-30 07:34:03', 1, 169, 50),
(199, '2020-12-28 18:33:51', 8, 101, 1),
(200, '2022-05-09 04:21:58', 3, 102, 27),
(201, '2023-09-29 03:24:24', 4, 117, 42),
(202, '2023-08-03 14:57:51', 10, 27, 56),
(203, '2021-02-11 15:39:23', 8, 23, 22),
(204, '2022-10-16 09:40:08', 8, 189, 67),
(205, '2022-03-07 05:48:09', 3, 82, 32),
(206, '2021-08-13 20:59:55', 7, 55, 20),
(207, '2022-09-01 09:39:39', 7, 42, 7),
(208, '2021-03-11 04:06:45', 6, 129, 57),
(209, '2022-05-06 12:34:05', 10, 94, 85),
(210, '2022-11-12 14:59:46', 4, 132, 68),
(211, '2021-03-05 19:03:14', 6, 101, 95),
(212, '2021-06-08 15:07:31', 1, 194, 75),
(213, '2023-05-28 16:45:09', 12, 195, 30),
(214, '2022-04-09 10:15:22', 5, 180, 41),
(215, '2021-09-21 04:28:21', 7, 33, 16),
(216, '2020-07-31 06:31:59', 4, 41, 95),
(217, '2022-11-07 20:54:55', 9, 129, 10),
(218, '2023-12-08 08:03:18', 3, 99, 1),
(219, '2022-02-20 07:10:31', 1, 167, 91),
(220, '2020-04-08 01:33:51', 11, 100, 98),
(221, '2022-12-14 22:45:27', 12, 4, 14),
(222, '2021-01-06 06:52:56', 12, 138, 79),
(223, '2022-02-13 11:40:38', 2, 94, 31),
(224, '2022-07-17 09:31:49', 5, 156, 39),
(225, '2020-01-03 04:36:38', 3, 102, 2),
(226, '2020-02-17 04:57:51', 5, 45, 91),
(227, '2021-11-15 10:39:08', 1, 157, 93),
(228, '2020-12-10 20:49:53', 6, 35, 24),
(229, '2021-10-22 22:54:23', 7, 25, 31),
(230, '2022-12-08 08:29:13', 10, 17, 94),
(231, '2023-08-05 12:14:07', 12, 61, 87),
(232, '2021-11-25 02:54:27', 3, 149, 59),
(233, '2020-03-03 18:47:21', 12, 74, 57),
(234, '2020-12-18 18:06:18', 6, 193, 75),
(235, '2021-03-15 08:05:51', 1, 50, 81),
(236, '2020-08-24 23:16:46', 3, 36, 69),
(237, '2021-04-16 21:32:35', 9, 144, 27),
(238, '2021-07-28 00:21:09', 6, 129, 25),
(239, '2023-05-28 09:47:01', 5, 11, 24),
(240, '2023-04-11 22:03:05', 4, 16, 82),
(241, '2022-06-27 03:38:28', 10, 81, 41),
(242, '2022-02-14 15:17:07', 12, 161, 22),
(243, '2022-08-10 07:27:53', 11, 196, 49),
(244, '2023-04-11 04:49:33', 12, 101, 67),
(245, '2023-03-20 05:20:00', 5, 120, 9),
(246, '2021-10-17 18:50:01', 10, 81, 69),
(247, '2021-08-26 09:48:15', 9, 71, 45),
(248, '2022-01-29 13:05:59', 8, 17, 58),
(249, '2023-01-14 00:59:42', 4, 37, 63),
(250, '2022-10-08 10:05:49', 11, 166, 5),
(251, '2023-02-25 00:34:25', 4, 136, 53),
(252, '2023-10-06 11:18:52', 4, 37, 20),
(253, '2022-12-18 14:08:01', 1, 156, 90),
(254, '2021-06-18 06:03:33', 7, 151, 76),
(255, '2020-09-01 05:31:30', 9, 102, 78),
(256, '2023-02-11 03:26:15', 9, 161, 98),
(257, '2022-12-29 06:39:12', 5, 189, 57),
(258, '2020-09-18 11:08:21', 5, 134, 20),
(259, '2021-01-29 09:24:38', 3, 79, 26),
(260, '2023-03-04 20:02:14', 6, 143, 44),
(261, '2022-12-05 08:58:14', 9, 25, 50),
(262, '2022-07-09 00:44:20', 8, 185, 38),
(263, '2022-09-24 19:59:50', 3, 15, 60),
(264, '2020-11-01 00:48:51', 11, 157, 36),
(265, '2023-05-04 15:37:15', 12, 145, 86),
(266, '2020-11-23 09:59:11', 9, 80, 24),
(267, '2023-03-06 07:56:25', 4, 9, 37),
(268, '2023-04-05 21:52:12', 10, 186, 82),
(269, '2020-12-19 07:28:01', 1, 59, 73),
(270, '2023-06-08 04:11:39', 4, 56, 27),
(271, '2021-03-28 15:01:14', 7, 162, 78),
(272, '2020-04-25 03:38:00', 3, 175, 30),
(273, '2020-06-15 08:32:05', 6, 70, 18),
(274, '2022-06-05 03:34:12', 9, 17, 22),
(275, '2021-03-13 04:19:42', 7, 38, 70),
(276, '2023-08-21 23:39:32', 9, 105, 30),
(277, '2023-07-03 00:35:11', 5, 193, 48),
(278, '2020-07-29 12:16:41', 1, 1, 71),
(279, '2023-03-03 07:03:52', 6, 98, 82),
(280, '2023-02-08 00:36:15', 11, 140, 87),
(281, '2022-03-15 22:41:22', 3, 155, 86),
(282, '2021-10-30 22:24:55', 11, 126, 32),
(283, '2020-03-03 15:34:09', 1, 84, 96),
(284, '2021-11-04 21:04:32', 12, 5, 76),
(285, '2023-10-23 16:46:03', 10, 189, 76),
(286, '2023-06-13 14:06:50', 11, 143, 1),
(287, '2022-10-13 20:29:42', 8, 28, 88),
(288, '2022-02-06 04:48:46', 4, 138, 12),
(289, '2021-01-31 04:09:59', 10, 5, 96),
(290, '2022-04-17 05:53:49', 10, 155, 34),
(291, '2020-06-22 10:05:03', 12, 179, 61),
(292, '2022-03-30 10:25:56', 12, 198, 91),
(293, '2020-01-10 13:07:59', 5, 67, 72),
(294, '2020-02-24 03:39:40', 4, 116, 100),
(295, '2021-10-04 05:13:09', 11, 119, 26),
(296, '2020-10-03 08:26:03', 3, 75, 30),
(297, '2023-04-28 01:03:51', 7, 18, 45),
(298, '2022-07-27 12:13:41', 11, 159, 68),
(299, '2023-03-01 03:29:35', 9, 149, 3),
(300, '2021-08-03 05:49:50', 2, 153, 30),
(301, '2020-03-13 13:48:13', 4, 160, 72),
(302, '2020-04-26 08:42:09', 5, 111, 9),
(303, '2021-10-23 07:47:56', 4, 48, 26),
(304, '2020-05-12 09:36:46', 7, 49, 6),
(305, '2023-03-03 03:39:27', 9, 167, 1),
(306, '2020-01-14 14:12:41', 4, 48, 3),
(307, '2023-01-19 04:57:18', 1, 39, 57),
(308, '2021-11-26 09:47:18', 9, 148, 30),
(309, '2022-01-23 17:12:49', 9, 112, 20),
(310, '2022-02-05 04:08:15', 10, 21, 26),
(311, '2020-10-29 21:23:04', 8, 75, 35),
(312, '2023-04-21 01:47:51', 6, 6, 46),
(313, '2020-12-25 13:07:10', 11, 79, 81),
(314, '2020-10-04 23:46:20', 8, 70, 71),
(315, '2023-08-29 09:27:10', 9, 79, 75),
(316, '2023-09-01 12:43:26', 12, 46, 46),
(317, '2020-02-04 01:00:26', 3, 150, 1),
(318, '2023-03-05 19:37:35', 7, 129, 44),
(319, '2021-11-26 15:13:58', 4, 46, 6),
(320, '2023-07-29 21:22:23', 1, 156, 70),
(321, '2020-05-01 08:59:11', 6, 50, 61),
(322, '2022-08-04 20:15:10', 11, 73, 29),
(323, '2022-01-05 22:24:21', 4, 170, 68),
(324, '2023-08-29 21:44:58', 4, 92, 10),
(325, '2020-01-04 09:38:20', 3, 79, 61),
(326, '2021-06-25 07:04:41', 7, 107, 60),
(327, '2022-03-07 16:17:26', 10, 118, 68),
(328, '2021-10-09 03:16:38', 12, 48, 5),
(329, '2023-05-31 21:22:39', 5, 3, 15),
(330, '2020-03-19 03:10:12', 1, 119, 14),
(331, '2020-06-18 08:31:21', 6, 15, 43),
(332, '2022-09-02 04:39:42', 5, 26, 78),
(333, '2020-12-27 02:32:09', 6, 92, 90),
(334, '2021-12-12 12:38:03', 4, 38, 73),
(335, '2022-09-10 19:40:24', 1, 64, 88),
(336, '2022-05-03 06:30:23', 10, 21, 61),
(337, '2020-10-21 16:59:30', 3, 23, 9),
(338, '2022-08-12 08:15:56', 9, 149, 4),
(339, '2023-10-06 06:17:59', 4, 58, 14),
(340, '2023-01-18 05:40:31', 4, 48, 34),
(341, '2020-10-20 03:35:41', 8, 9, 12),
(342, '2023-08-05 15:33:39', 7, 197, 52),
(343, '2022-04-03 08:46:09', 10, 52, 77),
(344, '2022-11-13 02:07:43', 12, 172, 91),
(345, '2023-09-23 00:32:16', 2, 191, 16),
(346, '2022-05-17 10:12:16', 5, 181, 6),
(347, '2021-01-09 20:43:58', 6, 121, 75),
(348, '2022-01-28 16:58:31', 10, 128, 33),
(349, '2023-09-23 14:15:41', 6, 81, 68),
(350, '2021-12-22 16:19:25', 7, 108, 26),
(351, '2023-01-15 05:55:06', 7, 194, 71),
(352, '2020-03-18 14:59:25', 1, 191, 31),
(353, '2022-08-01 04:51:43', 1, 22, 22),
(354, '2021-02-11 17:45:39', 2, 28, 6),
(355, '2021-11-27 22:28:57', 11, 119, 71),
(356, '2023-07-01 09:04:26', 11, 91, 88),
(357, '2020-07-18 15:13:01', 8, 41, 92),
(358, '2022-01-25 11:36:31', 7, 63, 63),
(359, '2020-01-07 12:35:17', 12, 22, 57),
(360, '2023-03-10 00:04:49', 1, 16, 85),
(361, '2023-03-22 03:52:10', 9, 45, 12),
(362, '2022-12-08 19:27:01', 4, 145, 76),
(363, '2020-04-09 00:06:09', 6, 103, 84),
(364, '2023-03-02 02:23:21', 10, 14, 80),
(365, '2023-03-23 04:36:52', 12, 184, 85),
(366, '2021-04-05 12:07:32', 12, 131, 94),
(367, '2022-04-19 13:01:47', 11, 2, 37),
(368, '2023-12-19 15:34:32', 12, 100, 73),
(369, '2023-01-09 05:14:34', 11, 124, 76),
(370, '2023-05-27 23:49:50', 9, 189, 17),
(371, '2023-03-28 20:29:47', 5, 87, 94),
(372, '2020-11-25 15:51:36', 6, 130, 99),
(373, '2021-01-24 05:53:16', 2, 127, 36),
(374, '2022-11-08 14:06:31', 9, 55, 58),
(375, '2021-05-20 05:48:35', 4, 190, 57),
(376, '2023-02-05 18:16:06', 1, 83, 36),
(377, '2023-04-07 14:36:52', 5, 23, 90),
(378, '2023-11-20 12:06:48', 2, 114, 27),
(379, '2021-07-17 08:46:07', 7, 136, 76),
(380, '2023-07-23 16:57:54', 6, 143, 62),
(381, '2021-05-18 13:19:49', 12, 35, 48),
(382, '2020-09-23 14:00:52', 5, 132, 16),
(383, '2023-11-13 14:54:06', 7, 29, 68),
(384, '2022-11-26 22:16:52', 3, 174, 93),
(385, '2020-12-24 09:39:11', 2, 95, 97),
(386, '2022-04-17 18:56:57', 12, 149, 68),
(387, '2021-09-27 12:18:36', 2, 148, 21),
(388, '2020-06-07 05:40:09', 1, 137, 71),
(389, '2021-11-13 06:22:12', 4, 163, 52),
(390, '2020-10-21 16:49:34', 12, 165, 31),
(391, '2022-02-23 05:12:26', 5, 136, 31),
(392, '2020-05-03 11:57:07', 10, 136, 89),
(393, '2020-12-12 02:40:16', 6, 83, 24),
(394, '2020-05-04 23:12:54', 12, 152, 30),
(395, '2021-12-14 17:26:49', 10, 165, 80),
(396, '2020-08-01 17:38:00', 10, 99, 88),
(397, '2023-09-01 06:16:13', 3, 130, 63),
(398, '2021-01-24 00:56:09', 7, 164, 83),
(399, '2021-09-05 21:51:13', 11, 36, 70),
(400, '2022-02-01 02:17:34', 1, 162, 54),
(401, '2021-11-28 02:07:19', 6, 88, 51),
(402, '2020-12-02 10:17:08', 2, 18, 51),
(403, '2021-11-30 00:39:34', 11, 150, 11),
(404, '2021-04-02 23:38:01', 4, 114, 84),
(405, '2022-12-26 05:11:38', 11, 59, 43),
(406, '2021-12-26 00:42:50', 12, 78, 67),
(407, '2023-12-14 17:50:56', 4, 187, 9),
(408, '2022-07-08 19:04:12', 8, 64, 61),
(409, '2020-04-08 13:33:06', 10, 179, 91),
(410, '2022-11-14 07:58:19', 3, 111, 40),
(411, '2022-10-22 19:25:03', 5, 47, 60),
(412, '2023-10-25 23:16:50', 12, 117, 2),
(413, '2022-04-30 05:59:48', 4, 38, 6),
(414, '2023-11-20 01:46:44', 10, 153, 50),
(415, '2020-12-16 09:40:03', 3, 123, 47),
(416, '2020-04-05 01:02:15', 9, 68, 60),
(417, '2021-05-26 22:51:26', 5, 173, 41),
(418, '2020-04-01 02:32:11', 9, 84, 71),
(419, '2021-04-08 01:12:30', 12, 103, 46),
(420, '2020-06-28 02:24:08', 3, 62, 69),
(421, '2023-02-13 18:35:52', 9, 105, 43),
(422, '2020-02-24 12:12:56', 2, 9, 48),
(423, '2022-10-03 04:44:49', 10, 47, 24),
(424, '2022-09-10 07:21:07', 8, 107, 92),
(425, '2021-01-31 01:49:34', 6, 135, 19),
(426, '2020-10-27 15:24:53', 8, 27, 100),
(427, '2020-05-27 15:54:45', 2, 43, 58),
(428, '2021-12-09 11:59:55', 10, 83, 55),
(429, '2023-07-05 05:42:12', 12, 129, 72),
(430, '2021-01-08 15:52:16', 4, 25, 31),
(431, '2022-05-27 07:01:17', 6, 118, 41),
(432, '2020-12-15 17:50:46', 9, 4, 34),
(433, '2023-03-03 16:18:46', 11, 158, 77),
(434, '2020-03-25 10:04:58', 3, 9, 65),
(435, '2023-10-10 00:15:51', 3, 169, 2),
(436, '2023-01-04 11:31:17', 6, 46, 86),
(437, '2023-12-05 05:52:24', 2, 122, 73),
(438, '2020-08-15 20:08:31', 10, 78, 76),
(439, '2023-07-17 22:40:17', 6, 55, 90),
(440, '2020-10-15 06:13:39', 8, 150, 87),
(441, '2022-08-28 19:38:42', 7, 147, 40),
(442, '2021-11-23 12:08:51', 8, 16, 78),
(443, '2022-03-06 01:37:37', 9, 155, 14),
(444, '2020-10-28 13:48:53', 4, 89, 25),
(445, '2021-09-01 05:13:15', 1, 174, 60),
(446, '2023-01-05 11:18:08', 3, 25, 91),
(447, '2023-08-08 01:10:25', 4, 146, 63),
(448, '2020-12-06 23:21:36', 9, 16, 60),
(449, '2021-02-05 03:39:25', 6, 6, 36),
(450, '2023-11-12 14:51:03', 1, 140, 84),
(451, '2020-08-04 19:00:57', 5, 96, 65),
(452, '2022-03-16 15:54:59', 1, 184, 38),
(453, '2020-10-11 21:19:55', 6, 174, 3),
(454, '2020-10-29 01:06:14', 2, 92, 12),
(455, '2021-09-09 15:08:38', 5, 4, 88),
(456, '2021-07-24 20:10:41', 10, 194, 72),
(457, '2020-02-23 13:38:26', 12, 187, 3),
(458, '2023-01-18 02:18:28', 1, 110, 34),
(459, '2022-02-14 03:49:34', 9, 146, 7),
(460, '2022-07-28 19:05:33', 4, 152, 36),
(461, '2022-03-16 18:19:58', 8, 138, 21),
(462, '2022-11-05 14:45:57', 4, 183, 40),
(463, '2023-07-26 23:27:44', 10, 158, 4),
(464, '2022-07-16 09:08:50', 6, 19, 79),
(465, '2022-09-12 13:35:58', 1, 20, 58),
(466, '2021-10-26 03:14:49', 11, 134, 49),
(467, '2020-09-13 23:52:25', 1, 21, 73),
(468, '2021-11-21 14:59:48', 6, 45, 1),
(469, '2020-02-23 00:28:48', 9, 169, 57),
(470, '2023-12-05 18:02:38', 8, 70, 78),
(471, '2023-11-18 17:05:05', 11, 62, 94),
(472, '2021-12-29 15:56:01', 9, 66, 14),
(473, '2021-02-18 03:26:16', 1, 60, 12),
(474, '2021-06-22 21:07:06', 5, 89, 95),
(475, '2020-05-19 17:39:21', 6, 92, 70),
(476, '2023-07-31 09:15:00', 11, 21, 73),
(477, '2023-03-18 18:53:34', 12, 159, 39),
(478, '2021-03-27 03:49:09', 10, 122, 95),
(479, '2021-07-10 09:19:48', 6, 8, 59),
(480, '2022-07-23 11:57:17', 5, 154, 31),
(481, '2022-10-24 16:36:01', 11, 47, 71),
(482, '2023-06-13 11:04:10', 3, 138, 70),
(483, '2021-12-20 20:45:05', 11, 162, 32),
(484, '2022-09-18 09:07:01', 4, 138, 76),
(485, '2021-05-20 13:44:54', 6, 26, 43),
(486, '2023-04-10 14:15:09', 7, 86, 75),
(487, '2022-02-11 14:29:55', 5, 157, 55),
(488, '2021-10-01 12:14:37', 3, 83, 61),
(489, '2023-11-21 04:42:53', 5, 140, 86),
(490, '2022-02-20 01:16:35', 12, 85, 75),
(491, '2020-03-26 14:36:40', 4, 80, 16),
(492, '2021-01-30 06:31:10', 5, 198, 44),
(493, '2021-06-09 19:15:52', 4, 86, 24),
(494, '2022-01-23 01:17:43', 7, 177, 19),
(495, '2021-02-05 10:04:30', 7, 60, 51),
(496, '2022-06-05 08:13:56', 3, 90, 9),
(497, '2023-07-12 16:38:47', 11, 87, 70),
(498, '2022-07-09 13:45:32', 1, 136, 76),
(499, '2023-06-30 04:09:29', 5, 35, 41),
(500, '2020-04-19 13:26:22', 10, 148, 59);

-- --------------------------------------------------------

--
-- Structure de la table `restaurant`
--

CREATE TABLE `restaurant` (
  `id_restaurant` int(11) NOT NULL,
  `nom_restaurant` text NOT NULL,
  `description_restaurant` text NOT NULL,
  `adresse_restaurant` text NOT NULL,
  `ville_restaurant` text NOT NULL,
  `code_postal_restaurant` text NOT NULL,
  `livraison` tinyint(1) NOT NULL,
  `horaires_ouverture` text NOT NULL,
  `spécialite` text NOT NULL,
  `note` decimal(10,0) NOT NULL,
  `affluence_1` text NOT NULL,
  `affluence_2` text NOT NULL,
  `affluence_3` text NOT NULL,
  `affluence_4` text NOT NULL,
  `id_individu` int(11) NOT NULL,
  `latitude` text NOT NULL,
  `longitude` text NOT NULL,
  `numero_tel` text NOT NULL
) ENGINE=InnoDB DEFAULT CHARSET=utf8mb4 COLLATE=utf8mb4_general_ci;

--
-- Déchargement des données de la table `restaurant`
--

INSERT INTO `restaurant` (`id_restaurant`, `nom_restaurant`, `description_restaurant`, `adresse_restaurant`, `ville_restaurant`, `code_postal_restaurant`, `livraison`, `horaires_ouverture`, `spécialite`, `note`, `affluence_1`, `affluence_2`, `affluence_3`, `affluence_4`, `id_individu`, `latitude`, `longitude`, `numero_tel`) VALUES
(1, 'Nom du restaurant', 'Francaise Europeenne Vegetariens bienvenus', '15 Rue de la Republique', '69006', '  Lyon  ', 0, '11h45 - 14h15 / 17h15 - 21h45', ' Ratatouille provencale', 5, '', '', '', '', 1, '45.76849365234375', '4.85646390914917', '0601122334'),
(2, 'Le Neuvieme Art', 'Francaise Europeenne Vegetariens bienvenus', '6 Quai Jean Moulin', '69004', '  Lyon  ', 0, '12h15 - 14h45 / 17h45 - 21h15', ' Quiche aux legumes', 5, '', '', '', '', 2, '45.77438735961914', '4.830961227416992', '0609876543'),
(3, 'Aromatic', 'Francaise Europeenne Vegetariens bienvenus', '32 Rue Victor Hugo', '69005', '  Lyon  ', 0, '11h30 - 14h00 / 17h00 - 22h00', ' Risotto aux champignons', 5, '', '', '', '', 3, '45.76266098022461', '4.826900005340576', '0623456789'),
(4, 'Le Boeuf d\'Argent', 'Francaise Europeenne Sud-americaine', '47 Rue de la Part-Dieu', '69006', '  Lyon  ', 0, '12h00 - 14h30 / 18h30 - 21h00', ' Ceviche tropical', 5, '', '', '', '', 4, '45.76849365234375', '4.85646390914917', '0632109876'),
(5, 'Le Comptoir des Cousins', 'Francaise Brasserie gastronomique Vegetariens bienvenus', '74 Rue de la Guillotiere', '69006', '  Lyon  ', 0, '11h15 - 14h15 / 17h45 - 21h15', ' Coq au vin vegetarien', 5, '', '', '', '', 5, '45.76708984375', '4.845279216766357', '0678901234'),
(6, 'Le Book-Lard', 'Francaise Europeenne', '3 Rue de la Republique', '69001', '  Lyon  ', 0, '12h30 - 14h00 / 18h00 - 22h00', ' Filet de saumon aux herbes', 5, '', '', '', '', 6, '45.76845932006836', '4.827991008758545', '0665432109'),
(7, 'L\'Archange', 'Francaise', '12 Place Bellecour', '69002', '  Lyon  ', 0, '11h00 - 14h30 / 17h30 - 21h00', ' Escargots de Bourgogne', 5, '', '', '', '', 7, '45.76485824584961', '4.833683013916016', '0698765432'),
(8, 'Le Musee', 'Mediterraneenne Vegetariens bienvenus', '28 Rue du Plat', '69001', '  Lyon  ', 0, '12h30 - 14h30 / 18h00 - 21h30', ' Taboule libanais', 5, '', '', '', '', 8, '45.76605987548828', '4.8321309089660645', '0687654321'),
(9, 'Epicurius', 'Francaise Internationale Barbecue/Grillades', '9 Quai Tilsitt', '69001', '  Lyon  ', 0, '11h30 - 14h00 / 17h00 - 21h30', ' Assiette de grillades mixtes', 5, '', '', '', '', 9, '45.76668930053711', '4.837160110473633', '0654321098'),
(10, 'Cercle Rouge', 'Francaise', '17 Rue de la Charite', '69006', '  Lyon  ', 0, '12h15 - 14h45 / 17h45 - 22h15', ' Soupe a l\'oignon', 5, '', '', '', '', 10, '45.76849365234375', '4.85646390914917', '0612345678'),
(11, 'Le Zeste Gourmand', 'Francaise Europeenne', '56 Rue du Lac', '69006', '  Lyon  ', 0, '11h45 - 14h15 / 17h15 - 21h45', ' B?uf Bourguignon', 5, '', '', '', '', 11, '45.768924713134766', '4.856989860534668', '0601234567'),
(12, 'Les Saveurs Du Bistrot', 'Francaise Europeenne Brasserie gastronomique', '23 Rue Garibaldi', '69007', '  Lyon  ', 0, '12h00 - 14h30 / 18h30 - 21h00', ' Tournedos Rossini', 5, '', '', '', '', 12, '45.75132751464844', '4.855055809020996', '0678563412'),
(13, 'Le Supr?me', 'Francaise Europeenne Internationale', '37 Quai Jean Moulin', '69002', '  Lyon  ', 0, '11h15 - 14h15 / 17h45 - 21h15', ' Plateau de fromages varies', 5, '', '', '', '', 13, '45.74928665161133', '4.829628944396973', '0634987651'),
(14, 'Flair', 'Francaise Bar a vins', '45 Boulevard des Brotteaux', '69001', '  Lyon  ', 0, '12h30 - 14h00 / 18h00 - 22h00', ' Planche de charcuterie', 5, '', '', '', '', 14, '45.76845932006836', '4.827991008758545', '0697654321'),
(15, 'La Bouteillerie', 'Francaise Vegetariens bienvenus', '21 Rue de la Martiniere', '69002', '  Lyon  ', 0, '11h00 - 14h30 / 17h30 - 21h00', ' Salade nicoise', 5, '', '', '', '', 15, '45.75538635253906', '4.830474853515625', '0623456789'),
(16, 'L\'Instant Fromage', 'Francaise Mediterraneenne Europeenne', '59 Avenue Berthelot', '69005', '  Lyon  ', 0, '12h30 - 14h30 / 18h00 - 21h30', ' Paella espagnole', 5, '', '', '', '', 16, '45.759132385253906', '4.823150157928467', '0689876543'),
(17, 'Cafe Luna', 'Francaise Bar a vins', '8 Place des Terreaux', '69005', '  Lyon  ', 0, '11h30 - 14h00 / 17h00 - 21h30', ' Assortiment de vins regionaux', 5, '', '', '', '', 17, '45.76337432861328', '4.827271938323975', '0612345678'),
(18, 'BMD', 'Francaise Europeenne', '16 Rue Sainte-Helene', '69006', '  Lyon  ', 0, '12h15 - 14h45 / 17h45 - 22h15', ' Blanquette de veau', 5, '', '', '', '', 18, '45.769676208496094', '4.8437042236328125', '0645678901'),
(19, 'Takao Takano', 'Francaise Moderne Diner', '5 Quai de la P?cherie', '69680', ' Chassieu  Lyon  ', 0, '11h45 - 14h15 / 17h15 - 21h45', ' Fish and chips', 5, '', '', '', '', 19, '45.7376823425293', '4.968141078948975', '0654321098'),
(20, 'L\'emulsion', 'Francaise Europeenne Vegetariens bienvenus', '19 Rue de la Monnaie', '69002', '  Lyon  ', 0, '12h00 - 14h30 / 18h30 - 21h00', ' Assortiment de sushis', 5, '', '', '', '', 20, '45.761531829833984', '4.832685947418213', '0667890123'),
(21, 'Burgundy Lounge', 'Francaise Vegetariens bienvenus', '42 Quai Rambaud', '69001', '  Lyon  ', 0, '11h15 - 14h15 / 17h45 - 21h15', ' Entrec?te grillee', 5, '', '', '', '', 21, '45.76654815673828', '4.83282995223999', '0609876543'),
(22, 'Le Comptoir Des Copains', 'Francaise Europeenne', '14 Rue de la Vieille', '69006', '  Lyon  ', 0, '12h30 - 14h00 / 18h00 - 22h00', ' Filet mignon saignant', 5, '', '', '', '', 22, '45.768924713134766', '4.856989860534668', '0690123456'),
(23, 'Le Poivron Bleu', 'Francaise Europeenne', '27 Avenue des Freres Lumieres', '69003', '  Lyon  ', 0, '11h00 - 14h30 / 17h30 - 21h00', ' Cafe gourmand', 5, '', '', '', '', 23, '45.75603485107422', '4.85908317565918', '0623456789'),
(24, 'Danton...restaurant', 'Francaise Bar a vins Europeenne', '31 Rue du Premier Film', '69003', '  Lyon  ', 0, '12h30 - 14h30 / 18h00 - 21h30', ' Creme br?lee', 5, '', '', '', '', 24, '45.75843811035156', '4.841518878936768', '0612345678');

--
-- Index pour les tables déchargées
--

--
-- Index pour la table `avis`
--
ALTER TABLE `avis`
  ADD PRIMARY KEY (`id_avis`);

--
-- Index pour la table `individu`
--
ALTER TABLE `individu`
  ADD PRIMARY KEY (`id_individu`);

--
-- Index pour la table `reservation`
--
ALTER TABLE `reservation`
  ADD PRIMARY KEY (`id_reservation`);

--
-- Index pour la table `restaurant`
--
ALTER TABLE `restaurant`
  ADD PRIMARY KEY (`id_restaurant`);

--
-- AUTO_INCREMENT pour les tables déchargées
--

--
-- AUTO_INCREMENT pour la table `avis`
--
ALTER TABLE `avis`
  MODIFY `id_avis` int(11) NOT NULL AUTO_INCREMENT, AUTO_INCREMENT=401;

--
-- AUTO_INCREMENT pour la table `individu`
--
ALTER TABLE `individu`
  MODIFY `id_individu` int(11) NOT NULL AUTO_INCREMENT, AUTO_INCREMENT=201;

--
-- AUTO_INCREMENT pour la table `reservation`
--
ALTER TABLE `reservation`
  MODIFY `id_reservation` int(11) NOT NULL AUTO_INCREMENT, AUTO_INCREMENT=501;

--
-- AUTO_INCREMENT pour la table `restaurant`
--
ALTER TABLE `restaurant`
  MODIFY `id_restaurant` int(11) NOT NULL AUTO_INCREMENT, AUTO_INCREMENT=25;
COMMIT;

/*!40101 SET CHARACTER_SET_CLIENT=@OLD_CHARACTER_SET_CLIENT */;
/*!40101 SET CHARACTER_SET_RESULTS=@OLD_CHARACTER_SET_RESULTS */;
/*!40101 SET COLLATION_CONNECTION=@OLD_COLLATION_CONNECTION */;
